school,city,county,SchoolCode,SchoolName
AIMS COLLEGE PREP HIGH SCHOOL,Oakland,Alameda,0111856,AIMS College Prep High
ALAMEDA COMMUNITY LEARNING CTR,Alameda,Alameda,0130609,Alameda Community Learning Center
ALAMEDA HIGH SCHOOL,Alameda,Alameda,0130229,Alameda High
ALAMEDA SCIENCE & TECHNICAL INST,Alameda,Alameda,0106401,Alameda Science and Technology Institute
ALBANY HIGH SCHOOL,Albany,Alameda,0130450,Albany High
ALTERNATIVES IN ACTION HIGH SCHOOL,Oakland,Alameda,0130625,Alternatives in Action
AMADOR VALLEY HIGH SCHOOL,Pleasanton,Alameda,0130583,Amador Valley High
AMERICAN HIGH SCHOOL,Fremont,Alameda,0130062,American High
ARISE HIGH SCHOOL,Oakland,Alameda,0115238,ARISE High
ARROYO HIGH SCHOOL,San Lorenzo,Alameda,0130849,Arroyo High
ASPIRE GOLDEN STATE COLLG PREP ACAD,Oakland,Alameda,0118224,Aspire Golden State College Preparatory Academy
ASPIRE LIONEL WILSON COLG PREP,Oakland,Alameda,0130666,Aspire Lionel Wilson College Preparatory Academy
BAY AREA TECHNOLOGY-BAYTECH,Oakland,Alameda,0106906,Bay Area Technology
BERKELEY HIGH SCHOOL,Berkeley,Alameda,0131177,Berkeley High
CASTLEMONT HIGH SCHOOL,Oakland,Alameda,0125161,Castlemont High
CASTRO VALLEY HIGH SCHOOL,Castro Valley,Alameda,0132225,Castro Valley High
CIRCLE OF INDEPENDENT LEARNING,Fremont,Alameda,0130534,Circle of Independent Learning
COLISEUM COLLEGE PREP ACADEMY,Oakland,Alameda,0112797,Coliseum College Prep Academy
DUBLIN HIGH SCHOOL,Dublin,Alameda,0132704,Dublin High
EAST BAY INNOVATION ACADEMY,Oakland,Alameda,0129932,East Bay Innovation Academy
EMERY SECONDARY SCHOOL,Emeryville,Alameda,0132746,Emery Secondary
ENCINAL HIGH SCHOOL,Alameda,Alameda,0132142,Encinal Junior/Senior High
ENVISION ACAD ARTS/TECHNOLOGY,Oakland,Alameda,0112607,Envision Academy for Arts & Technology
FOOTHILL HIGH SCHOOL,Pleasanton,Alameda,0130096,Foothill High
FREMONT HIGH SCHOOL,Oakland,Alameda,0125716,Fremont High
GRANADA HIGH SCHOOL,Livermore,Alameda,0133397,Granada High
HAYWARD HIGH SCHOOL,Hayward,Alameda,0133629,Hayward High
HAYWARD TWIN OAKS MONTESSORI,Hayward,Alameda,0127944,Hayward Twin Oaks Montessori
IMPACT ACAD ARTS/TECHNOLOGY,Hayward,Alameda,0137646,Impact Academy of Arts & Technology
IRVINGTON HIGH SCHOOL,Fremont,Alameda,0134270,Irvington High
JAMES LOGAN HIGH SCHOOL,Union City,Alameda,0134668,James Logan High
JOHN F KENNEDY HIGH SCHOOL,Fremont,Alameda,0134452,John F. Kennedy High
KIPP KING COLLEGIATE HIGH SCH,San Lorenzo,Alameda,0114421,KIPP King Collegiate High
LATITUDE 37.8 HS MERRITT COLLEGE,Oakland,Alameda,0138289,Latitude 37.8 High
LEADERSHIP PUBLIC SCH HAYWARD,Hayward,Alameda,0108670,Leadership Public Schools - Hayward
LIFE ACADEMY HIGH SCHOOL,Oakland,Alameda,0130575,LIFE Academy
LIGHTHOUSE COMMUNITY CHAR HS,Oakland,Alameda,0108944,Lighthouse Community Charter High
LIVERMORE HIGH SCHOOL,Livermore,Alameda,0134536,Livermore High
LODESTAR LIGHTHOUSE COMM CHARTER SC,Oakland,Alameda,0134015,Lodestar: A Lighthouse Community Charter Public
LPS OAKLAND R&D CAMPUS,Oakland,Alameda,0126748,LPS Oakland R & D Campus
MADISON PARK ACADEMY,Oakland,Alameda,6066450,Madison Park Academy 6-12
MCCLYMONDS HIGH SCHOOL,Oakland,Alameda,0110189,McClymonds High
METWEST HIGH SCHOOL,Oakland,Alameda,0100701,MetWest High
MISSION SAN JOSE HIGH SCHOOL,Fremont,Alameda,0135244,Mission San Jose High
MOUNT EDEN HIGH SCHOOL,Hayward,Alameda,0135319,Mt. Eden High
NEWARK MEMORIAL HIGH SCHOOL,Newark,Alameda,0130054,Newark Memorial High
OAKLAND CHARTER HIGH SCHOOL,Oakland,Alameda,0136051,Oakland Technical High
OAKLAND HIGH SCHOOL,Oakland,Alameda,0136051,Oakland Technical High
OAKLAND INTERNATIONAL HIGH SCH,Oakland,Alameda,0136051,Oakland Technical High
OAKLAND MILITARY INST COL PREP,Oakland,Alameda,0130617,"Oakland Military Institute, College Preparatory Academy"
OAKLAND SCHOOL FOR THE ARTS,Oakland,Alameda,3030772,Oakland School for the Arts
OAKLAND TECHNICAL HIGH SCHOOL,Oakland,Alameda,0136051,Oakland Technical High
OAKLAND UNITY HIGH SCHOOL,Oakland,Alameda,0100065,Oakland Unity High
PIEDMONT HIGH SCHOOL,Piedmont,Alameda,0136515,Piedmont High
SAN LEANDRO HIGH SCHOOL,San Leandro,Alameda,0137588,San Leandro High
SAN LORENZO HIGH SCHOOL,San Lorenzo,Alameda,0137810,San Lorenzo High
SKYLINE HIGH SCHOOL,Oakland,Alameda,0137943,Skyline High
SOJOURNER TRUTH INDEPENDENT STUDY,Oakland,Alameda,6114011,"Independent Study, Sojourner Truth"
TENNYSON HIGH SCHOOL,Hayward,Alameda,0138339,Tennyson High
WASHINGTON HIGH SCHOOL,Fremont,Alameda,0138693,Washington High
AMADOR HIGH SCHOOL,Sutter Creek,Amador,0330753,Amador High
ARGONAUT HIGH SCHOOL,Jackson,Amador,0334755,Argonaut High
CHICO HIGH SCHOOL,Chico,Butte,0431676,Chico High
DURHAM HIGH SCHOOL,Durham,Butte,0433201,Durham High
GRIDLEY HIGH SCHOOL,Gridley,Butte,0433953,Gridley High
INSPIRE SCHOOL OF ARTS AND SCIENCES,Chico,Butte,0120394,Inspire School of Arts and Sciences
LAS PLUMAS HIGH SCHOOL,Oroville,Butte,0434803,Las Plumas High
OROVILLE HIGH SCHOOL,Oroville,Butte,0435602,Oroville High
PARADISE HIGH SCHOOL,Paradise,Butte,0437350,Paradise Senior High
PLEASANT VALLEY SR HIGH SCHOOL,Chico,Butte,0437558,Pleasant Valley High
BRET HARTE UNION HIGH SCHOOL,Angels Camp,Calaveras,0532507,Bret Harte Union High
CALAVERAS HIGH SCHOOL,San Andreas,Calaveras,0531509,Calaveras High
COLUSA HIGH SCHOOL,Colusa,Colusa,0631259,Colusa High
PIERCE HIGH SCHOOL,Arbuckle,Colusa,0635250,Pierce High
WILLIAMS HIGH SCHOOL,Williams,Colusa,0637504,Williams Junior/Senior High
ACALANES HIGH SCHOOL,Lafayette,Contra Costa,0730283,Acalanes High
ALHAMBRA HIGH SCHOOL,Martinez,Contra Costa,0730549,Alhambra Senior High
ANTIOCH HIGH SCHOOL,Antioch,Contra Costa,0730861,Antioch High
ASPIRE RICHMOND CA COLG PREP,Richmond,Contra Costa,0132100,Aspire Richmond Ca. College Preparatory Academy
CALIFORNIA HIGH SCHOOL,San Ramon,Contra Costa,0730051,California High
CAMPOLINDO HIGH SCHOOL,Moraga,Contra Costa,0731125,Campolindo High
CLAYTON VALLEY CHARTER HIGH SCHOOL,Concord,Contra Costa,0731380,Clayton Valley Charter High
COLLEGE PARK HIGH SCHOOL,Pleasant Hill,Contra Costa,0731646,College Park High
CONCORD HIGH SCHOOL,Concord,Contra Costa,0731836,Concord High
DE ANZA HIGH SCHOOL,Richmond,Contra Costa,0732164,De Anza High
DEER VALLEY HIGH SCHOOL,Antioch,Contra Costa,0730465,Deer Valley High
DOUGHERTY VALLEY HIGH SCHOOL,San Ramon,Contra Costa,0113118,Dougherty Valley High
DOZIER-LIBBEY MEDICAL HIGH SCH,Antioch,Contra Costa,0117218,Dozier-Libbey Medical High
EL CERRITO HIGH SCHOOL,El Cerrito,Contra Costa,0732941,El Cerrito High
FREEDOM HIGH SCHOOL,Oakley,Contra Costa,0730457,Freedom High
HERCULES HIGH SCHOOL,Hercules,Contra Costa,0730598,Hercules High
HERITAGE HIGH SCHOOL,Brentwood,Contra Costa,0107797,Heritage High
INVICTUS ACADEMY OF RICHMOND,El Cerrito,Contra Costa,0137026,Invictus Academy of Richmond
JOHN F KENNEDY HIGH SCHOOL,Richmond,Contra Costa,0733659,John F. Kennedy High
JOHN HENRY HIGH SCHOOL,Richmond,Contra Costa,0132233,John Henry High
JOHN SWETT HIGH SCHOOL,Crockett,Contra Costa,0737023,John Swett High
LAS LOMAS HIGH SCHOOL,Walnut Creek,Contra Costa,0733725,Las Lomas High
LEADERSHIP PUBLIC SCH RICHMOND,Richmond,Contra Costa,0101477,Leadership Public Schools: Richmond
LIBERTY HIGH SCHOOL,Brentwood,Contra Costa,0733980,Liberty High
MAKING WAVES ACADEMY,Richmond,Contra Costa,0114470,Making Waves Academy
MIDDLE COLLEGE HIGH SCHOOL,San Pablo,Contra Costa,0730291,Middle College High
MIRAMONTE HIGH SCHOOL,Orinda,Contra Costa,0734244,Miramonte High
MONTE VISTA HIGH SCHOOL,Danville,Contra Costa,0734368,Monte Vista High
MOUNT DIABLO HIGH SCHOOL,Concord,Contra Costa,0734566,Mt. Diablo High
NORTHGATE HIGH SCHOOL,Walnut Creek,Contra Costa,0730044,Northgate High
PINOLE VALLEY HIGH SCHOOL,Pinole,Contra Costa,0735316,Pinole Valley High
PITTSBURG HIGH SCHOOL,Pittsburg,Contra Costa,0735407,Pittsburg Senior High
RICHMOND HIGH SCHOOL,Richmond,Contra Costa,0735902,Richmond High
SAN RAMON VALLEY HIGH SCHOOL,Danville,Contra Costa,0736504,San Ramon Valley High
SUMMIT PUBLIC SCHOOL K2,El Cerrito,Contra Costa,0129684,Summit Public School K2
SUMMIT PUBLIC SCHOOL TAMALPAIS,San Pablo,Contra Costa,0133637,Summit Public School: Tamalpais
YGNACIO VALLEY HIGH SCHOOL,Concord,Contra Costa,0737809,Ygnacio Valley High
EL DORADO HIGH SCHOOL,Placerville,El Dorado,0932756,El Dorado High
OAK RIDGE HIGH SCHOOL,El Dorado Hills,El Dorado,0930081,Oak Ridge High
OCEAN GROVE CHARTER SCHOOL,Placerville,El Dorado,NA,NA
PONDEROSA HIGH SCHOOL,Shingle Springs,El Dorado,0936302,Ponderosa High
SOUTH TAHOE HIGH SCHOOL,South Lake Tahoe,El Dorado,0937805,South Tahoe High
UNION MINE HIGH SCHOOL,El Dorado,El Dorado,0930164,Union Mine High
BUCHANAN HIGH SCHOOL,Clovis,Fresno,1030501,Buchanan High
BULLARD HIGH SCHOOL,Fresno,Fresno,1030279,Bullard High
CARUTHERS HIGH SCHOOL,Caruthers,Fresno,1030535,Caruthers High
CENTRAL EAST HIGH SCHOOL,Fresno,Fresno,1030626,Central East High
CENTRAL HIGH SCHOOL,Fresno,Fresno,1030790,Central High
CLOVIS EAST HIGH SCHOOL,Clovis,Fresno,1030683,Clovis East High
CLOVIS HIGH SCHOOL,Clovis,Fresno,1031053,Clovis High
CLOVIS NORTH HIGH SCHOOL,Fresno,Fresno,0113555,Clovis North High
CLOVIS WEST HIGH SCHOOL,Fresno,Fresno,1030196,Clovis West High
COALINGA HIGH SCHOOL,Coalinga,Fresno,1031376,Coalinga High
DESIGN SCIENCE MIDDLE COLG HS,Fresno,Fresno,0108555,Design Science Middle College High
DUNCAN POLYTECHNICAL HS,Fresno,Fresno,1030295,Erma Duncan Polytechnical High
EDISON HIGH SCHOOL,Fresno,Fresno,1031897,Edison High
FIREBAUGH HIGH SCHOOL,Firebaugh,Fresno,1030121,Firebaugh High
FOWLER HIGH SCHOOL,Fowler,Fresno,1032150,Fowler High
FRESNO HIGH SCHOOL,Fresno,Fresno,1032507,Fresno High
HERBERT HOOVER HIGH SCHOOL,Fresno,Fresno,1032911,Herbert Hoover High
JUSTIN GARZA HIGH SCHOOL,Fresno,Fresno,0140509,Justin Garza High
KERMAN HIGH SCHOOL,Kerman,Fresno,1033430,Kerman High
KINGSBURG HIGH SCHOOL,Kingsburg,Fresno,1033695,Kingsburg High
MCLANE HIGH SCHOOL,Fresno,Fresno,1034214,McLane High
MENDOTA HIGH SCHOOL,Mendota,Fresno,1030493,Mendota High
ORANGE COVE HIGH SCHOOL,Orange Cove,Fresno,0108092,Orange Cove High
PARLIER HIGH SCHOOL,Parlier,Fresno,1034990,Parlier High
REEDLEY HIGH SCHOOL,Reedley,Fresno,1035310,Reedley High
REEDLEY MIDDLE COLLEGE HS,Reedley,Fresno,0126292,Reedley Middle College High
RIVERDALE HIGH SCHOOL,Riverdale,Fresno,1035575,Riverdale High
SANGER HIGH SCHOOL,Sanger,Fresno,1036094,Sanger High
SANGER WEST HIGH SCHOOL,Fresno,Fresno,0141291,Sanger West High
SELMA HIGH SCHOOL,Selma,Fresno,1036672,Selma High
SUNNYSIDE HIGH SCHOOL,Fresno,Fresno,1030675,Sunnyside High
THEODORE ROOSEVELT HIGH SCHOOL,Fresno,Fresno,1035831,Roosevelt High
TRANQUILLITY HIGH SCHOOL,Tranquillity,Fresno,1037456,Tranquillity High
UNIVERSITY HIGH SCHOOL,Fresno,Fresno,0114553,University High
WASHINGTON UNION HIGH SCHOOL,Fresno,Fresno,1038306,Washington High
HAMILTON UNION HIGH SCHOOL,Hamilton City,Glenn,1133701,Hamilton High
ORLAND HIGH SCHOOL,Orland,Glenn,1135656,Orland High
ACADEMY OF THE REDWOODS,Eureka,Humboldt,0108688,Academy of the Redwoods
ARCATA HIGH SCHOOL,Arcata,Humboldt,1230705,Arcata High
EUREKA HIGH SCHOOL,Eureka,Humboldt,1232206,Eureka Senior High
FORTUNA UNION HIGH SCHOOL,Fortuna,Humboldt,1233402,Fortuna Union High
MCKINLEYVILLE HIGH SCHOOL,Mckinleyville,Humboldt,1235209,McKinleyville High
NORTHCOAST PREPARATORY ACADEMY,Arcata,Humboldt,0134163,Northcoast Preparatory and Performing Arts Academy
SOUTH FORK HIGH SCHOOL,Miranda,Humboldt,1237007,South Fork High
BRAWLEY UNION HIGH SCHOOL,Brawley,Imperial,1331404,Brawley Union High
CALEXICO HIGH SCHOOL,Calexico,Imperial,1332204,Calexico High
CALIPATRIA HIGH SCHOOL,Calipatria,Imperial,1332501,Calipatria High
CENTRAL UNION HIGH SCHOOL,El Centro,Imperial,1333004,Central Union High
HOLTVILLE HIGH SCHOOL,Holtville,Imperial,1335306,Holtville High
IMPERIAL HIGH SCHOOL,Imperial,Imperial,1335900,Imperial High
SOUTHWEST HIGH SCHOOL,El Centro,Imperial,1330133,Southwest High
BISHOP UNION HIGH SCHOOL,Bishop,Inyo,1431600,Bishop Union High
ARVIN HIGH SCHOOL,Arvin,Kern,1530252,Arvin High
BAKERSFIELD HIGH SCHOOL,Bakersfield,Kern,1530708,Bakersfield High
BLUE RIDGE ACADEMY,Maricopa,Kern,0134312,Blue Ridge Academy
CALIFORNIA CITY HIGH SCHOOL,California City,Kern,0114512,California City High
CENTENNIAL HIGH SCHOOL,Bakersfield,Kern,1530369,Centennial High
CESAR E CHAVEZ HIGH SCHOOL,Delano,Kern,0100529,Cesar E. Chavez High
DEL ORO HIGH SCHOOL,Bakersfield,Kern,NA,NA
DELANO HIGH SCHOOL,Delano,Kern,1531672,Delano High
DESERT HIGH SCHOOL,Edwards,Kern,1531987,Desert Junior-Senior High
EAST BAKERSFIELD HIGH SCHOOL,Bakersfield,Kern,1532290,East Bakersfield High
FOOTHILL HIGH SCHOOL,Bakersfield,Kern,1532605,Foothill High
FRONTIER HIGH SCHOOL,Bakersfield,Kern,0110999,Frontier High
GOLDEN VALLEY HIGH SCHOOL,Bakersfield,Kern,0100198,Golden Valley High
HIGHLAND HIGH SCHOOL,Bakersfield,Kern,1533330,Highland High
INDEPENDENCE HIGH SCHOOL,Bakersfield,Kern,0116392,Independence High
LIBERTY HIGH SCHOOL,Bakersfield,Kern,1530476,Liberty High
MCFARLAND HIGH SCHOOL,Mcfarland,Kern,1530229,McFarland Independent
MIRA MONTE HIGH SCHOOL,Bakersfield,Kern,0116400,Mira Monte High
NORTH HIGH SCHOOL,Bakersfield,Kern,1534775,North High
RIDGEVIEW HIGH SCHOOL,Bakersfield,Kern,1530385,Ridgeview High
ROBERT F KENNEDY HIGH SCHOOL,Delano,Kern,0116384,Robert F. Kennedy High
ROSAMOND HIGH SCHOOL,Rosamond,Kern,1534957,Rosamond High Early College Campus
SHAFTER HIGH SCHOOL,Shafter,Kern,1535087,Shafter High
SHERMAN E BURROUGHS HS,Ridgecrest,Kern,1531367,Burroughs High
SOUTH HIGH SCHOOL,Bakersfield,Kern,1535392,South High
STOCKDALE HIGH SCHOOL,Bakersfield,Kern,1530344,Stockdale High
TAFT UNION HIGH SCHOOL,Taft,Kern,1535905,Taft Union High
TEHACHAPI HIGH SCHOOL,Tehachapi,Kern,1536135,Tehachapi High
WASCO UNION HIGH SCHOOL,Wasco,Kern,1536440,Wasco High
WEST HIGH SCHOOL,Bakersfield,Kern,1536606,West High
WONDERFUL COLL PREP ACAD LOST HILLS,Lost Hills,Kern,0135467,Wonderful College Prep Academy - Lost Hills
WONDERFUL COLLEGE PREP ACAD DELANO,Delano,Kern,0119669,Wonderful College Prep Academy
AVENAL HIGH SCHOOL,Avenal,Kings,1630953,Avenal High
CORCORAN HIGH SCHOOL,Corcoran,Kings,1632207,Corcoran High
HANFORD HIGH SCHOOL,Hanford,Kings,1634401,Hanford High
HANFORD WEST HIGH SCHOOL,Hanford,Kings,1630169,Hanford West High
LEMOORE MIDDLE COLLEGE HIGH SC,Lemoore,Kings,0110205,Lemoore Middle College High
LEMOORE UNION HIGH SCHOOL,Lemoore,Kings,1635606,Lemoore High
SIERRA PACIFIC HIGH SCHOOL,Hanford,Kings,0118919,Sierra Pacific High
CLEAR LAKE HIGH SCHOOL,Lakeport,Lake,1732304,Clear Lake High
KELSEYVILLE HIGH SCHOOL,Kelseyville,Lake,1734359,Kelseyville High
LOWER LAKE HIGH SCHOOL,Lower Lake,Lake,1735000,Lower Lake High
MIDDLETOWN HIGH SCHOOL,Middletown,Lake,1736008,Middletown High
UPPER LAKE HIGH SCHOOL,Upper Lake,Lake,1737006,Upper Lake High
LASSEN HIGH SCHOOL,Susanville,Lassen,1833805,Lassen High
ABRAHAM LINCOLN HIGH SCHOOL,Los Angeles,Los Angeles,1935121,Abraham Lincoln Senior High
ACADEMIA AVANCE CHARTER SCHOOL,Los Angeles,Los Angeles,0109926,Academia Avance Charter
ACADEMIC LEADERSHIP COMMUNITY,Los Angeles,Los Angeles,0117721,Contreras Learning Center-Academic Leadership Community
ACADEMIES EDUCATION/EMPOWERMNT,Carson,Los Angeles,0126615,Academies of Education and Empowerment at Carson High
ACADEMY OF MEDICAL ARTS AT CARSON,Carson,Los Angeles,0126623,Academy of Medical Arts at Carson High
ACADEMY OF THE CANYONS,Santa Clarita,Los Angeles,1996321,Academy of the Canyons
AGOURA HIGH SCHOOL,Agoura Hills,Los Angeles,1930080,Agoura High
ALAIN LEROY LOCKE COLLEGE PREP,Los Angeles,Los Angeles,0118588,Alain Leroy Locke College Preparatory Academy
ALEXANDER HAMILTON HIGH SCHOOL,Los Angeles,Los Angeles,1933852,Alexander Hamilton Senior High
ALHAMBRA HIGH SCHOOL,Alhambra,Los Angeles,1930163,Alhambra High
ALLIANCE CINDY/BILL SIMON TECH,Los Angeles,Los Angeles,0121285,Alliance Cindy and Bill Simon Technology Academy High
ALLIANCE COLLINS COLLEGE READY HS,Huntington Park,Los Angeles,0108936,Alliance Collins Family College-Ready High
ALLIANCE DR OLGA MOHAN HIGH SC,Los Angeles,Los Angeles,0111500,Alliance Dr. Olga Mohan High
ALLIANCE GERTZ-RESSLER HIGH SC,Los Angeles,Los Angeles,0106864,Alliance Gertz-Ressler Richard Merkin 6-12 Complex
ALLIANCE JUDY BURTON TECH ACAD,Los Angeles,Los Angeles,0108894,Alliance Judy Ivie Burton Technology Academy High
ALLIANCE LEICHTMAN-LEVINE ESHS,Los Angeles,Los Angeles,0117606,Alliance Leichtman-Levine Family Foundation Environmental Science High
ALLIANCE M&E STERN MATH SCI SCH,Los Angeles,Los Angeles,0111658,Alliance Marc & Eva Stern Math and Science
ALLIANCE MARGARET M BLOOMFIELD,Huntington Park,Los Angeles,0124941,Alliance Margaret M. Bloomfield Technology Academy High
ALLIANCE MIT 6-12 COMPLEX,Sun Valley,Los Angeles,NA,NA
ALLIANCE MORGAN MCKINZIE HS,Los Angeles,Los Angeles,0116509,Alliance Morgan McKinzie High
ALLIANCE NEUWIRTH LEADERSHIP ACADMY,Los Angeles,Los Angeles,0111492,Alliance Patti And Peter Neuwirth Leadership Academy
ALLIANCE OUCHI-O'DONOVAN 6-12,Los Angeles,Los Angeles,0111641,Alliance Ouchi-O'Donovan 6-12 Complex
ALLIANCE PIERA BARBAGLIA SHAHEEN HS,Los Angeles,Los Angeles,0117598,Alliance Piera Barbaglia Shaheen Health Services Academy
ALLIANCE RENEE & MEYER LUSKIN,Los Angeles,Los Angeles,0124891,Alliance Renee and Meyer Luskin Academy High
ALLIANCE SMIDT TECHNOLOGY HIGH,Los Angeles,Los Angeles,0123133,Alliance Susan and Eric Smidt Technology High
ALLIANCE TED K TAJIMA HIGH SCH,Los Angeles,Los Angeles,0123141,Alliance Ted K. Tajima High
ALLIANCE TENNENBAUM FAMILY TECH HS,Los Angeles,Los Angeles,0121293,Alliance Tennenbaum Family Technology High
AMBASSADOR SCHL GLOBAL LDRSHP,Los Angeles,Los Angeles,0121095,Ambassador-Global Leadership
ANAHUACALMECAC INTRL UNIV PREP,Los Angeles,Los Angeles,0132928,Anahuacalmecac International University Preparatory of North America
ANIMO COMPTON CHARTER SCHOOL,Los Angeles,Los Angeles,0137984,Animo Compton Charter
ANIMO CTY CHAMPIONS CHARTER HS,Inglewood,Los Angeles,0136119,Animo City of Champions Charter High
ANIMO INGLEWOOD CHARTER HS,Inglewood,Los Angeles,1996586,Animo Inglewood Charter High
ANIMO JACKIE ROBINSON CHRT SCH,Los Angeles,Los Angeles,0111583,Animo Jackie Robinson High
ANIMO LEADERSHIP CHARTER HS,Inglewood,Los Angeles,1996313,Animo Leadership High
ANIMO PAT BROWN CHARTER HS,Los Angeles,Los Angeles,0106849,Animo Pat Brown
ANIMO RALPH BUNCHE CHARTER HS,Los Angeles,Los Angeles,0111575,Animo Ralph Bunche Charter High
ANIMO S LOS ANGELES CHARTER HS,Los Angeles,Los Angeles,1935352,Los Angeles Senior High
ANIMO VENICE CHARTER HS,Venice,Los Angeles,0106831,Animo Venice Charter High
ANIMO WATTS COLLGE PREP ACDMY,Los Angeles,Los Angeles,0111625,Animo Watts College Preparatory Academy
ANTELOPE VALLEY HIGH SCHOOL,Lancaster,Los Angeles,1930213,Antelope Valley High
APPLIED TECHNOLOGY CENTER,Montebello,Los Angeles,0124552,Applied Technology Center
ARCADIA HIGH SCHOOL,Arcadia,Los Angeles,1930288,Arcadia High
ARLETA HIGH SCHOOL,Arleta,Los Angeles,0112045,Arleta High
ARROYO HIGH SCHOOL,El Monte,Los Angeles,1930320,Arroyo High
ARTESIA HIGH SCHOOL,Lakewood,Los Angeles,1930361,Artesia High
ASPIRE OLLIN UNIV PREP ACDMY,Huntington Park,Los Angeles,0112128,Aspire Ollin University Preparatory Academy
ASPIRE PACIFIC ACADEMY,Huntington Park,Los Angeles,0122721,Aspire Pacific Academy
ASSURANCE LEARNING ACADEMY,Lancaster,Los Angeles,0127100,Assurance Learning Academy
AVESON GLOBAL LEADERSHIP ACADEMY,Altadena,Los Angeles,0113464,Aveson Global Leadership Academy
AZUSA HIGH SCHOOL,Azusa,Los Angeles,1930528,Azusa High
BALDWIN PARK HIGH SCHOOL,Baldwin Park,Los Angeles,1930601,Baldwin Park High
BASSETT HIGH SCHOOL,La Puente,Los Angeles,1930700,Bassett Senior High
BELL GARDENS HIGH SCHOOL,Bell Gardens,Los Angeles,1930825,Bell Gardens High
BELL HIGH SCHOOL,Bell,Los Angeles,1930866,Bell Senior High
BELLFLOWER HIGH SCHOOL,Bellflower,Los Angeles,1930775,Bellflower High
BELMONT HIGH SCHOOL,Los Angeles,Los Angeles,1930924,Belmont Senior High
BENJAMIN FRANKLIN HIGH SCHOOL,Los Angeles,Los Angeles,1933043,Benjamin Franklin Senior High
BEVERLY HILLS HIGH SCHOOL,Beverly Hills,Los Angeles,1930981,Beverly Hills High
BIRMINGHAM COMMUNITY CHARTER HS,Lake Balboa,Los Angeles,1931047,Birmingham Community Charter High
BLAIR HIGH SCHOOL,Pasadena,Los Angeles,1931062,Blair High
BONITA HIGH SCHOOL,La Verne,Los Angeles,1931088,Bonita High
BOYLE HEIGHTS STEM MAGNET HIGH SCH,Los Angeles,Los Angeles,NA,NA
BRIO COLLEGE PREP,Los Angeles,Los Angeles,0135723,Ednovate - Brio College Prep
BURBANK HIGH SCHOOL,Burbank,Los Angeles,1931187,Burbank High
CA SCH ARTS SAN GABRIEL VALLEY,Duarte,Los Angeles,0134858,California School of the Arts - San Gabriel Valley
CALABASAS HIGH SCHOOL,Calabasas,Los Angeles,1931781,Calabasas High
CALIFORNIA ACAD MATH & SCIENCE,Carson,Los Angeles,1995539,California Academy of Mathematics and Science
CALIFORNIA HIGH SCHOOL,Whittier,Los Angeles,1931302,California High
CAMINO NUEVO HIGH SCH DALZELL LANCE,Los Angeles,Los Angeles,0127910,Camino Nuevo High #2
CANOGA PARK HIGH SCHOOL,Canoga Park,Los Angeles,1931476,Canoga Park Senior High
CANYON HIGH SCHOOL,Canyon Country,Los Angeles,1931492,Canyon High
CARSON HIGH SCHOOL,Carson,Los Angeles,1931526,Carson Senior High
CASTAIC HIGH SCHOOL,Castaic,Los Angeles,0138727,Castaic High
CATCH PREP CHARTER HIGH,Los Angeles,Los Angeles,0101659,"CATCH Prep Charter High, Inc."
CENTENNIAL HIGH SCHOOL,Compton,Los Angeles,1931567,Centennial High
CENTRAL CITY VALUE HIGH SCHOOL,Los Angeles,Los Angeles,0100800,Central City Value
CERRITOS HIGH SCHOOL,Cerritos,Los Angeles,1930056,Cerritos High
CHARTER HS ARTS MEDIA PERFORM,Van Nuys,Los Angeles,0108878,CHAMPS - Charter HS of Arts-Multimedia & Performing
CHARTER OAK HIGH SCHOOL,Covina,Los Angeles,1931666,Charter Oak High
CHATSWORTH CHARTER HIGH SCHOOL,Chatsworth,Los Angeles,1931708,Chatsworth Charter High
CHAVEZ LA ACADEMY OF SCIENCE,San Fernando,Los Angeles,0100677,High Tech LA
CHAVEZ LA ARTES,San Fernando,Los Angeles,NA,NA
CHAVEZ LEARNING ACAD-TECH PREP ACAD,San Fernando,Los Angeles,0124404,Cesar E. Chavez Learning Academies-Technology Preparatory Academy
CITY HONORS HIGH SCHOOL,Inglewood,Los Angeles,1996529,City Honors International Preparatory High
CITY OF ANGELS SCHOOL,Los Angeles,Los Angeles,1996115,City of Angels
CLAREMONT HIGH SCHOOL,Claremont,Los Angeles,1931823,Claremont High
CLARK MAGNET HIGH SCHOOL,La Crescenta,Los Angeles,1996131,Anderson W. Clark Magnet High
CLEVELAND HIGH SCHOOL,Reseda,Los Angeles,1931864,Grover Cleveland Charter High
COMM&TECH SCHOOL RIVERA LRNG COMPLX,Los Angeles,Los Angeles,NA,NA
COMPTON EARLY COLLEGE HIGH SCH,Compton,Los Angeles,0132969,Compton Early College High
COMPTON HIGH SCHOOL,Compton,Los Angeles,1931963,Compton High
CORTINES SCHOOL VPA,Los Angeles,Los Angeles,0119727,Ramon C. Cortines School of Visual and Performing Arts
COVINA HIGH SCHOOL,Covina,Los Angeles,1932086,Covina High
CRENSHAW HIGH SCHOOL,Los Angeles,Los Angeles,1932128,"Crenshaw Science, Technology, Engineering, Math and Medicine Magnet"
CRESCENTA VALLEY HIGH SCHOOL,La Crescenta,Los Angeles,1932144,Crescenta Valley High
CRITICAL DESIGN AND GAMING SCH,Los Angeles,Los Angeles,NA,NA
CULVER CITY HIGH SCHOOL,Culver City,Los Angeles,1932201,Culver City High
DA VINCI COMMUNICATIONS HS,El Segundo,Los Angeles,0131128,Da Vinci Communications
DA VINCI CONNECT HIGH SCHOOL,El Segundo,Los Angeles,0128728,Da Vinci Connect
DA VINCI DESIGN HIGH SCHOOL,El Segundo,Los Angeles,0119636,Da Vinci Design
DA VINCI SCIENCE HIGH SCHOOL,El Segundo,Los Angeles,0119016,Da Vinci Science
DANIEL PEARL MAGNET HIGH SCHL,Van Nuys,Los Angeles,0120360,Daniel Pearl Journalism & Communications Magnet
DAVID STARR JORDAN HS,Los Angeles,Los Angeles,1934470,Jordan High
DIAMOND BAR HIGH SCHOOL,Diamond Bar,Los Angeles,1932862,Diamond Bar High
DIAMOND RANCH HIGH SCHOOL,Pomona,Los Angeles,1995901,Diamond Ranch High
DOMINGUEZ HIGH SCHOOL,Compton,Los Angeles,1932326,Dominguez High
DOWNEY HIGH SCHOOL,Downey,Los Angeles,1932441,Downey High
DOWNTOWN MAGNETS HIGH SCHOOL,Los Angeles,Los Angeles,NA,NA
DR MAYA ANGELOU COMMUNITY HS,Los Angeles,Los Angeles,0124479,Dr. Maya Angelou Community High
DR RICHARD VLADOVIC HARBOR ACA,Wilmington,Los Angeles,0102921,Dr. Richard A. Vladovic Harbor Teacher Preparation Academy
DUARTE HIGH SCHOOL,Duarte,Los Angeles,1932482,Duarte High
EAGLE ROCK HIGH SCHOOL,Los Angeles,Los Angeles,1932540,Eagle Rock High
EARLY COLLEGE ACAD LA TRADE TECH,Los Angeles,Los Angeles,0127803,Early College Academy-LA Trade Tech College
EAST COLLEGE PREP,Los Angeles,Los Angeles,0109454,South East High
EAST VALLEY HIGH SCHOOL,North Hollywood,Los Angeles,0112037,East Valley Senior High
EASTSIDE HIGH SCHOOL,Lancaster,Los Angeles,0108407,Eastside High
EDGEWOOD HIGH SCHOOL,West Covina,Los Angeles,0122432,Edgewood High
EDWARD R ROYBAL LEARNING CNTR,Los Angeles,Los Angeles,0117051,Edward R. Roybal Learning Center
EL CAMINO REAL CHARTER HIGH SC,Woodland Hills,Los Angeles,1932623,El Camino Real Charter High
EL MONTE HIGH SCHOOL,El Monte,Los Angeles,1932664,El Monte High
EL RANCHO HIGH SCHOOL,Pico Rivera,Los Angeles,1932706,El Rancho High
EL SEGUNDO HIGH SCHOOL,El Segundo,Los Angeles,1932763,El Segundo High
ELIZABETH LEARNING CENTER,Cudahy,Los Angeles,6016885,Elizabeth Learning Center
ENVIRONMENTAL CHARTER HIGH SCH,Gardena,Los Angeles,1996438,Environmental Charter High - Lawndale
ENVIRONMENTAL CHARTER HS LAWNDALE,Lawndale,Los Angeles,1996438,Environmental Charter High - Lawndale
ERNEST S MCBRIDE SR HIGH SCHL,Long Beach,Los Angeles,0127381,"Ernest S. McBride, Sr. High"
ESPERANZA COLLEGE PREP,Los Angeles,Los Angeles,0135715,Ednovate - Esperanza College Prep
FAIRFAX HIGH SCHOOL,Los Angeles,Los Angeles,1932920,Fairfax Senior High
FELICITAS AND GONZALO MENDEZ HS,Los Angeles,Los Angeles,0119966,Felicitas and Gonzalo Mendez High
FOSHAY LEARNING CENTER,Los Angeles,Los Angeles,6061451,Foshay Learning Center
FRANCISCO BRAVO MEDICAL MAGNET,Los Angeles,Los Angeles,1995448,Francisco Bravo Medical Magnet High
FREMONT ACD ENGINEERING/DESIGN,Pomona,Los Angeles,6061634,Fremont Academy of Engineering and Design
GABRIELINO HIGH SCHOOL,San Gabriel,Los Angeles,1995810,Gabrielino High
GANESHA HIGH SCHOOL,Pomona,Los Angeles,1933175,Ganesha High
GARDENA HIGH SCHOOL,Gardena,Los Angeles,1933241,Gardena Senior High
GAREY HIGH SCHOOL,Pomona,Los Angeles,1933324,Garey High
GEORGE WASHINGTON PREPARATORY,Los Angeles,Los Angeles,1939305,George Washington Preparatory High
GIRLS ACADEMIC LEADERSHIP ACAD,Los Angeles,Los Angeles,0135996,Boys Academic Leadership Academy
GLEN A WILSON HIGH SCHOOL,Hacienda Heights,Los Angeles,1939875,Wilson High
GLENDALE HIGH SCHOOL,Glendale,Los Angeles,1933530,Glendale High
GLENDORA HIGH SCHOOL,Glendora,Los Angeles,1933597,Glendora High
GOLDEN VALLEY HIGH SCHOOL,Santa Clarita,Los Angeles,0102459,Golden Valley High
GRANADA HILLS CHARTER HIGH SCH,Granada Hills,Los Angeles,1933746,Granada Hills Charter
GREEN DESIGN STEAM ACADEMY,Los Angeles,Los Angeles,NA,NA
GRETCHEN WHITNEY HIGH SCHOOL,Cerritos,Los Angeles,1931880,Whitney (Gretchen) High
HAWTHORNE HIGH SCHOOL,Hawthorne,Los Angeles,1933951,Hawthorne High
HAWTHORNE MATH & SCIENCE ACAD,Hawthorne,Los Angeles,0100354,Hawthorne Math and Science Academy
HELEN BERNSTEIN HIGH SCHOOL,Hollywood,Los Angeles,0117069,Helen Bernstein High
HERBERT HOOVER HIGH SCHOOL,Glendale,Los Angeles,1934082,Herbert Hoover High
HIGH TECH HIGH LA,Van Nuys,Los Angeles,1935352,Los Angeles Senior High
HIGHLAND HIGH SCHOOL,Palmdale,Los Angeles,1995398,Highland High
HOLLYWOOD HIGH SCHOOL,Los Angeles,Los Angeles,1934033,Hollywood Senior High
HUNTINGTON PARK HIGH SCHOOL,Huntington Park,Los Angeles,1934157,Huntington Park Senior High
HUNTINGTON PARK INST APPLD MEDICINE,Huntington Park,Los Angeles,0126516,Linda Esperanza Marquez High A Huntington Park Institute of Applied Medicine
ICEF VIEW PARK PREPARATORY HIGH SCH,Los Angeles,Los Angeles,0101196,ICEF View Park Preparatory High
ILEAD EXPLORATION HYBRID,Acton,Los Angeles,0131987,iLEAD Hybrid
INGLEWOOD HIGH SCHOOL,Inglewood,Los Angeles,1934231,Inglewood High
INTERNATIONAL POLYTECHNIC HS,Pomona,Los Angeles,1936947,Polytechnic High
INTERNATIONAL STUDIES LEARNING CTR,South Gate,Los Angeles,NA,NA
JAMES A GARFIELD HIGH SCHOOL,Los Angeles,Los Angeles,1933381,James A. Garfield Senior High
JAMES MONROE HIGH SCHOOL,North Hills,Los Angeles,1935865,James Monroe High
JOHN A ROWLAND HIGH SCHOOL,Rowland Heights,Los Angeles,1937564,John A. Rowland High
JOHN BURROUGHS HIGH SCHOOL,Burbank,Los Angeles,1931237,Burroughs High
JOHN C FREMONT HIGH SCHOOL,Los Angeles,Los Angeles,1933118,John C. Fremont Senior High
JOHN F KENNEDY HIGH SCHOOL,Granada Hills,Los Angeles,1939941,John F. Kennedy High
JOHN GLENN HIGH SCHOOL,Norwalk,Los Angeles,1933647,John H. Glenn High
JOHN MARSHALL FUNDAMENTAL SCH,Pasadena,Los Angeles,1931674,Marshall Fundamental
JOHN MARSHALL HIGH SCHOOL,Los Angeles,Los Angeles,1935568,John Marshall Senior High
JOHN MUIR HIGH SCHOOL,Pasadena,Los Angeles,1936103,John Muir High
JOHN RANCIS POLYTECHNIC HIGH SCHOOL,Sun Valley,Los Angeles,1932987,John H. Francis Polytechnic
JORDAN HIGH SCHOOL,Long Beach,Los Angeles,1934470,Jordan High
JUAN RODRIGUEZ CABRILLO HS,Long Beach,Los Angeles,1995935,Cabrillo High
KING DREW MAGNET HS MED/SCI,Los Angeles,Los Angeles,1933001,King/Drew Medical Magnet High
LA CANADA HIGH SCHOOL,La Canada,Los Angeles,1934611,La Canada High
LA CENTER ENRICHED STUDIES,Los Angeles,Los Angeles,1932847,Los Angeles Center for Enriched Studies
LA MIRADA HIGH SCHOOL,La Mirada,Los Angeles,1934728,La Mirada High
LA PUENTE HIGH SCHOOL,La Puente,Los Angeles,1934801,La Puente High
LA SERNA HIGH SCHOOL,Whittier,Los Angeles,1934868,La Serna High
LAKE BALBOA COLLEGE PREP K-12,Van Nuys,Los Angeles,1931716,Lake Balboa College Preparatory Magnet K-12
LAKEWOOD HIGH SCHOOL,Lakewood,Los Angeles,1934678,Lakewood High
LANCASTER HIGH SCHOOL,Lancaster,Los Angeles,1995844,Lancaster High
LARCHMONT CHARTER SCHOOL,Los Angeles,Los Angeles,0108928,Larchmont Charter
LAWNDALE HIGH SCHOOL,Lawndale,Los Angeles,1934926,Lawndale High
LENNOX MATH SCIENCE TECH ACAD,Inglewood,Los Angeles,0100602,"Lennox Mathematics, Science and Technology Academy"
LEUZINGER HIGH SCHOOL,Lawndale,Los Angeles,1935048,Leuzinger High
LIBRA ACADEMY AT LINDA MARQUEZ HS,Huntington Park,Los Angeles,0126524,Linda Esperanza Marquez High B LIBRA Academy
LIFELINE EDUCATION CHARTER SCH,Compton,Los Angeles,0115725,Lifeline Education Charter
LINDA MARQUEZ HS-SOCIAL JUSTICE,Huntington Park,Los Angeles,0126532,Linda Esperanza Marquez High C School of Social Justice
LITTLEROCK HIGH SCHOOL,Littlerock,Los Angeles,1995406,Littlerock High
LONG BEACH POLYTECHNIC HS,Long Beach,Los Angeles,1936947,Polytechnic High
LOS ALTOS HIGH SCHOOL,Hacienda Heights,Los Angeles,1935246,Los Altos High
LOS ANGELES COUNTY HS FOR THE ARTS,Los Angeles,Los Angeles,1933399,L.A. County High School for the Arts
LOS ANGELES HS OF THE ARTS,Los Angeles,Los Angeles,0117747,Los Angeles High School of the Arts
LOS ANGELES LEADERSHIP ACAD HS,Los Angeles,Los Angeles,1996610,Los Angeles Leadership Academy
LOS ANGELES SCHOOL GLOBAL STUDIES,Los Angeles,Los Angeles,0112870,Contreras Learning Center-Los Angeles School of Global Studies
LOS ANGELES SENIOR HIGH SCHOOL,Los Angeles,Los Angeles,1935352,Los Angeles Senior High
LYNWOOD HIGH SCHOOL,Lynwood,Los Angeles,1935436,Lynwood High
M C LEARNING COMPLX-SCH OF BUS&TRSM,Los Angeles,Los Angeles,NA,NA
MAGNOLIA SCIENCE ACADEMY - 1 RESEDA,Reseda,Los Angeles,NA,NA
MAGNOLIA SCIENCE ACADEMY 2 VALLEY,Van Nuys,Los Angeles,0115212,Magnolia Science Academy 2
MALIBU HIGH SCHOOL,Malibu,Los Angeles,1995737,Malibu High
MANUAL ARTS SENIOR HIGH SCHOOL,Los Angeles,Los Angeles,1935519,Manual Arts Senior High
MARCO ANTONIO FIREBAUGH HS,Lynwood,Los Angeles,0109538,Marco Antonio Firebaugh High
MARK KEPPEL HIGH SCHOOL,Alhambra,Los Angeles,1934553,Mark Keppel High
MATH AND SCIENCE COLLEGE PREP,Los Angeles,Los Angeles,0126136,Math and Science College Preparatory
MATH SCIENCE TECHNOLOGY MAGNET,Los Angeles,Los Angeles,0126136,Math and Science College Preparatory
MAYFAIR HIGH SCHOOL,Lakewood,Los Angeles,1935618,Mayfair High
MAYWOOD ACADEMY HIGH SCHOOL,Maywood,Los Angeles,0109462,Maywood Academy High
MAYWOOD CTR ENRICHED STUDIES,Maywood,Los Angeles,0135855,Maywood Center for Enriched Studies
MERVYN M DYMALLY HIGH SCHOOL,Los Angeles,Los Angeles,0126573,Mervyn M. Dymally High
MIDDLE COLLEGE HIGH SCHOOL,Los Angeles,Los Angeles,0102913,Middle College High
MIRA COSTA HIGH SCHOOL,Manhattan Beach,Los Angeles,1935808,Mira Costa High
MONROVIA HIGH SCHOOL,Monrovia,Los Angeles,1935923,Monrovia High
MONTEBELLO HIGH SCHOOL,Montebello,Los Angeles,1935998,Montebello High
MORNINGSIDE HIGH SCHOOL,Inglewood,Los Angeles,1936046,Morningside High
MOUNT SAC EARLY COLLEGE ACADEMY,West Covina,Los Angeles,0137042,Mt. SAC Early College Academy at West Covina
MOUNTAIN VIEW HIGH SCHOOL,El Monte,Los Angeles,1932680,Mountain View High
NATHANIEL NARBONNE HIGH SCHOOL,Harbor City,Los Angeles,1936160,Nathaniel Narbonne Senior High
NAVA COLLEGE PREP ACADEMY,Los Angeles,Los Angeles,0129585,Nava College Preparatory Academy
NEW DESIGNS CHARTER SCHOOL,Los Angeles,Los Angeles,0102541,New Designs Charter
NEW OPEN WORLD ACADEMY,Los Angeles,Los Angeles,0119685,New Open World Academy K-12
NEW WEST CHARTER SCHOOL,Los Angeles,Los Angeles,6120158,New West Charter
NOGALES HIGH SCHOOL,La Puente,Los Angeles,1936228,Nogales High
NORTH HIGH SCHOOL,Torrance,Los Angeles,1936277,North High
NORTH HOLLYWOOD HIGH SCHOOL,North Hollywood,Los Angeles,1936350,North Hollywood Senior High
NORTHRIDGE ACADEMY HIGH SCHOOL,Northridge,Los Angeles,0107003,Northridge Academy High
NORTHVIEW HIGH SCHOOL,Covina,Los Angeles,1936418,Northview High
NORWALK HIGH SCHOOL,Norwalk,Los Angeles,1936467,Norwalk High
ODYSSEY STEM ACADEMY,Lakewood,Los Angeles,0136705,Odyssey STEM Academy
OPTIONS FOR YOUTH DUARTE - PASADENA,Pasadena,Los Angeles,0139535,"Options For Youth - Duarte, Inc"
ORTHOPAEDIC HOSPITAL MAGNET HS,Los Angeles,Los Angeles,0106997,Orthopaedic Hospital
OSCAR DE LA HOYA ANIMO CHARTER,Los Angeles,Los Angeles,0101675,Oscar De La Hoya Animo Charter High
PALISADES CHARTER HIGH SCHOOL,Pacific Palisades,Los Angeles,1995836,Palisades Charter High
PALMDALE ACADEMY CHARTER,Palmdale,Los Angeles,1936624,Palmdale High
PALMDALE AEROSPACE ACADEMY,Palmdale,Los Angeles,0125377,Palmdale Aerospace Academy
PALMDALE HIGH SCHOOL,Palmdale,Los Angeles,1936624,Palmdale High
PALOS VERDES HIGH SCHOOL,Palos Verdes Estate,Los Angeles,1996552,Palos Verdes High
PALOS VERDES PENINSULA HS,Rolling Hills Estat,Los Angeles,1995588,Palos Verdes Peninsula High
PANORAMA HIGH SCHOOL,Panorama City,Los Angeles,0112052,Panorama High
PARAMOUNT HIGH SCHOOL,Paramount,Los Angeles,1936749,Paramount High
PASADENA HIGH SCHOOL,Pasadena,Los Angeles,1936822,Pasadena High
PERFORMING ARTS COMMUNITY SCHO,Los Angeles,Los Angeles,0124511,Performing Arts Community at Diego Rivera Learning Complex
PHINEAS BANNING HIGH SCHOOL,Wilmington,Los Angeles,1930650,Phineas Banning Senior High
PIONEER HIGH SCHOOL,Whittier,Los Angeles,1936889,Pioneer High
POMONA HIGH SCHOOL,Pomona,Los Angeles,1937028,Pomona High
PORT OF LOS ANGELES HS,San Pedro,Los Angeles,0107755,Port of Los Angeles High
PUBLIC SERVICE COMMUNITY SCHOO,Los Angeles,Los Angeles,0124487,Public Service Community at Diego Rivera Learning Complex
PUC CALS MIDDLE AND EARLY COLL,Los Angeles,Los Angeles,0133298,PUC CALS Middle School and Early College High
PUC COMMUNITY CHARTER EARLY COLL HS,Sylmar,Los Angeles,6116750,PUC Community Charter Middle and PUC Community Charter Early College High
PUC EARLY COLG ACADEMY LEADERS,Los Angeles,Los Angeles,0124933,PUC Early College Academy for Leaders and Scholars (ECALS)
PUC LAKEVIEW CHARTER HIGH SCHL,Sylmar,Los Angeles,0122606,PUC Lakeview Charter High
PUC TRIUMPH CHARTER ACADEMY HS,Sylmar,Los Angeles,0133272,PUC Triumph Charter Academy and PUC Triumph Charter High
QUARTZ HILL HIGH SCHOOL,Quartz Hill,Los Angeles,1937051,Quartz Hill High
RANCHO DOMINGUEZ PREP SCHOOL,Long Beach,Los Angeles,0124529,Rancho Dominguez Preparatory
REDONDO UNION HIGH SCHOOL,Redondo Beach,Los Angeles,1937143,Redondo Union High
RENAISSANCE ARTS ACADEMY,Los Angeles,Los Angeles,0101683,Renaissance Arts Academy
RENAISSANCE HIGH SCHOOL ARTS,Long Beach,Los Angeles,0101683,Renaissance Arts Academy
RESEDA HIGH SCHOOL,Reseda,Los Angeles,1937226,Reseda Charter High
RICHARD GAHR HIGH SCHOOL,Cerritos,Los Angeles,1933159,Gahr (Richard) High
RISE KOHYANG HIGH SCHOOL,Los Angeles,Los Angeles,0133868,Rise Kohyang High
ROBERT A MILLIKAN HIGH SCHOOL,Long Beach,Los Angeles,1935758,Millikan High
ROBERT FULTON COLLEGE PREP SCH,Van Nuys,Los Angeles,6058002,Robert Fulton College Preparatory
ROSEMEAD HIGH SCHOOL,Rosemead,Los Angeles,1937481,Rosemead High
SAN DIMAS HIGH SCHOOL,San Dimas,Los Angeles,1937739,San Dimas High
SAN FERNANDO HIGH SCHOOL,San Fernando,Los Angeles,1937622,San Fernando Senior High
SAN GABRIEL HIGH SCHOOL,San Gabriel,Los Angeles,1937697,San Gabriel High
SAN MARINO HIGH SCHOOL,San Marino,Los Angeles,1937754,San Marino High
SAN PEDRO HIGH SCHOOL,San Pedro,Los Angeles,1937838,San Pedro Senior High
SANTA FE HIGH SCHOOL,Santa Fe Springs,Los Angeles,1937903,Santa Fe High
SANTA MONICA HIGH SCHOOL,Santa Monica,Los Angeles,1938000,Santa Monica High
SANTEE EDUCATION COMPLEX,Los Angeles,Los Angeles,0109447,Santee Education Complex
SATO ACADEMY OF MATH & SCIENCE,Long Beach,Los Angeles,0132324,Eunice Sato Academy of Math & Science
SAUGUS HIGH SCHOOL,Santa Clarita,Los Angeles,1931740,Saugus High
SCH SOCIAL JUSTICE-CONT LEARN CTR,Los Angeles,Los Angeles,0126532,Linda Esperanza Marquez High C School of Social Justice
SCHOOL OF ARTS AND ENTERPRISE,Pomona,Los Angeles,1996693,School of Arts and Enterprise
SCHOOL VISUAL ARTS AND HUMANITIES,Los Angeles,Los Angeles,0117762,School for the Visual Arts and Humanities
SCHURR HIGH SCHOOL,Montebello,Los Angeles,1930155,Schurr High
SCIENCE ACADEMY STEM MAGNET,North Hollywood,Los Angeles,0133736,Science Academy STEM Magnet
SHERMAN OAKS CTR ENRCHED STDS,Tarzana,Los Angeles,1933233,Sherman Oaks Center for Enriched Studies
SIERRA VISTA HIGH SCHOOL,Baldwin Park,Los Angeles,1938166,Sierra Vista High
SOAR HIGH SCHOOL,Lancaster,Los Angeles,0111872,SOAR High (Students On Academic Rise)
SOCIAL JUSTICE HUMANITAS ACAD,San Fernando,Los Angeles,0124388,Cesar E. Chavez Learning Academies-Social Justice Humanitas Academy
SONIA SOTOMAYOR ARTS & SCIENCE ACAD,Los Angeles,Los Angeles,0124412,Sotomayor Arts and Sciences Magnet
SOUTH EAST HIGH SCHOOL,South Gate,Los Angeles,0109454,South East High
SOUTH EL MONTE HIGH SCHOOL,South El Monte,Los Angeles,1995661,South El Monte High
SOUTH GATE HIGH SCHOOL,South Gate,Los Angeles,1938307,South Gate Senior High
SOUTH HIGH SCHOOL,Torrance,Los Angeles,1938356,South High
SOUTH HILLS HIGH SCHOOL,West Covina,Los Angeles,1938372,South Hills High
SOUTH LA COLLEGE PREP,Los Angeles,Los Angeles,0100677,High Tech LA
SOUTH PASADENA HIGH SCHOOL,South Pasadena,Los Angeles,1938455,South Pasadena Senior High
STEAM AT LEGACY HIGH SCHOOL COMPLEX,South Gate,Los Angeles,NA,NA
STELLA HIGH CHARTER ACADEMY,Los Angeles,Los Angeles,0112508,Stella High Charter Academy
STEM ACADEMY OF HOLLYWOOD,Hollywood,Los Angeles,0133736,Science Academy STEM Magnet
SUN VALLEY MAGNET SCHOOL,Sun Valley,Los Angeles,6061600,Sun Valley Magnet
SUSAN MILLER DORSEY HIGH SCHL,Los Angeles,Los Angeles,1932383,Susan Miller Dorsey Senior High
SYLMAR BIOTECH HEALTH & ENG MAGNET,Sylmar,Los Angeles,0130997,Sylmar Biotech Health and Engineering Magnet
SYLMAR HIGH SCHOOL,Sylmar,Los Angeles,1938554,Sylmar Charter High
SYNERGY QUANTUM ACADEMY,Los Angeles,Los Angeles,0124560,Synergy Quantum Academy
TEACH TECH CHARTER HIGH SCHOOL,Los Angeles,Los Angeles,0129627,TEACH Tech Charter High
TEMPLE CITY HIGH SCHOOL,Temple City,Los Angeles,1938679,Temple City High
THEODORE ROOSEVELT SENIOR HIGH,Los Angeles,Los Angeles,1937424,Theodore Roosevelt Senior High
THOMAS JEFFERSON HIGH SCHOOL,Los Angeles,Los Angeles,1934371,Thomas Jefferson Senior High
TORRANCE HIGH SCHOOL,Torrance,Los Angeles,1938752,Torrance High
TORRES HIGH SCH RENAISSANCE ACADEMY,Los Angeles,Los Angeles,NA,NA
TORRES HS - SOCIAL JUSTICE LEADRSHP,Los Angeles,Los Angeles,0126532,Linda Esperanza Marquez High C School of Social Justice
TORRES HS ENGINEERING & TECHNICAL,Los Angeles,Los Angeles,NA,NA
TORRES HS PERFORMING ARTS ACADEMY,Los Angeles,Los Angeles,0122341,Esteban Torres East LA Performing Arts Magnet
TORRES HS-HUMANITAS ACAD ART &TECH,Los Angeles,Los Angeles,NA,NA
UCLA COMMUNITY SCHOOL,Los Angeles,Los Angeles,0119693,UCLA Community K-12
ULYSSES S GRANT HIGH SCHOOL,Van Nuys,Los Angeles,1933795,Ulysses S. Grant Senior High
UNIVERSITY HIGH SCHOOL,Los Angeles,Los Angeles,1938885,University High School Charter
UNIVERSITY PREP VALUE HS,Los Angeles,Los Angeles,0132027,University Preparatory Value High
USC HYBRID HIGH COLLEGE PREP,Los Angeles,Los Angeles,0125864,Ednovate - USC Hybrid High College Prep
USC MEDIA & ENGINEERING MAGNET SCH,Los Angeles,Los Angeles,NA,NA
VALENCIA HIGH SCHOOL,Valencia,Los Angeles,1995802,Valencia High
VALLEY ACADEMY ARTS & SCIENCES,Granada Hills,Los Angeles,0124362,Valley Academy of Arts and Sciences
VALLEY INTERNATIONAL PREP HS,Northridge,Los Angeles,0137612,Valley International Preparatory High
VALOR ACADEMY HIGH SCHOOL,North Hills,Los Angeles,0127894,Valor Academy High
VAN NUYS HIGH SCHOOL,Van Nuys,Los Angeles,1938968,Van Nuys Senior High
VASQUEZ HIGH SCHOOL,Acton,Los Angeles,1995786,Vasquez High
VAUGHN NEXT CENTURY LEARN CTR,San Fernando,Los Angeles,6019715,Vaughn Next Century Learning Center
VENICE HIGH SCHOOL,Los Angeles,Los Angeles,1939040,Venice Senior High
VERDUGO HILLS HIGH SCHOOL,Tujunga,Los Angeles,1939107,Verdugo Hills Senior High
VILLAGE ACADEMY HIGH SCHOOL,Pomona,Los Angeles,NA,NA
WALLIS ANNENBERG HIGH SCHOOL,Los Angeles,Los Angeles,0100750,Wallis Annenberg High
WALNUT HIGH SCHOOL,Walnut,Los Angeles,1939149,Walnut High
WARREN HIGH SCHOOL,Downey,Los Angeles,1939164,Warren (Earl) High
WEST ADAMS PREPARATORY HS,Los Angeles,Los Angeles,0114850,West Adams Preparatory High
WEST COVINA HIGH SCHOOL,West Covina,Los Angeles,1939537,West Covina High
WEST HIGH SCHOOL,Torrance,Los Angeles,1939602,West High
WEST RANCH HIGH SCHOOL,Valencia,Los Angeles,0102475,West Ranch High
WESTCHESTER ENRICHED SCIENCE MAGNET,Los Angeles,Los Angeles,NA,NA
WHITTIER HIGH SCHOOL,Whittier,Los Angeles,1939701,Whittier High
WILLIAM HOWARD TAFT HS,Woodland Hills,Los Angeles,1938612,Taft Charter High
WILLIAM J PETE KNIGHT HIGH SCH,Palmdale,Los Angeles,0100081,William J. (Pete) Knight High
WILLIAM S HART HIGH SCHOOL,Newhall,Los Angeles,1933902,William S. Hart High
WILLIAM WORKMAN HIGH SCHOOL,City Of Industry,Los Angeles,1939925,William Workman High
WISH ACADEMY HIGH SCHOOL,Los Angeles,Los Angeles,0135632,WISH Academy High
WOODROW WILSON HIGH SCHOOL,Long Beach,Los Angeles,1939859,Woodrow Wilson Senior High
WOODROW WILSON HIGH SCHOOL,Los Angeles,Los Angeles,1939859,Woodrow Wilson Senior High
CHOWCHILLA UNION HIGH SCHOOL,Chowchilla,Madera,2032357,Chowchilla Union High
LIBERTY HIGH SCHOOL,Madera,Madera,2030203,Liberty High
MADERA HIGH SCHOOL,Madera,Madera,2035707,Madera High
MADERA SOUTH HIGH SCHOOL,Madera,Madera,0110965,Madera South High
MATILDA TORRES HIGH SCHOOL,Madera,Madera,0139691,Matilda Torres High
YOSEMITE HIGH SCHOOL,Oakhurst,Madera,2030013,Yosemite High
ARCHIE WILLIAMS HIGH SCHOOL,San Anselmo,Marin,2131340,Archie Williams High
NOVATO HIGH SCHOOL,Novato,Marin,2132272,Novato High
REDWOOD HIGH SCHOOL,Larkspur,Marin,2132587,Redwood High
SAN MARIN HIGH SCHOOL,Novato,Marin,2133056,San Marin High
SAN RAFAEL HIGH SCHOOL,San Rafael,Marin,2133262,San Rafael High
TAMALPAIS HIGH SCHOOL,Mill Valley,Marin,2133692,Tamalpais High
TAMISCAL HIGH SCHOOL,Larkspur,Marin,2130078,Tamiscal High (Alternative)
TERRA LINDA HIGH SCHOOL,San Rafael,Marin,2134005,Terra Linda High
MARIPOSA COUNTY HIGH SCHOOL,Mariposa,Mariposa,2235356,Mariposa County High
ANDERSON VALLEY JR SR HIGH SCHOOL,Boonville,Mendocino,2330900,Anderson Valley Junior-Senior High
FORT BRAGG HIGH SCHOOL,Fort Bragg,Mendocino,2331361,Fort Bragg High
MENDOCINO HIGH SCHOOL,Mendocino,Mendocino,2333185,Mendocino High
UKIAH HIGH SCHOOL,Ukiah,Mendocino,2335024,Ukiah High
ATWATER HIGH SCHOOL,Atwater,Merced,2430601,Atwater High
BUHACH COLONY HIGH SCHOOL,Atwater,Merced,2430205,Buhach Colony High
DELHI HIGH SCHOOL,Delhi,Merced,2430114,Delhi High
DOS PALOS HIGH SCHOOL,Dos Palos,Merced,2431203,Dos Palos High
EL CAPITAN HIGH SCHOOL,Merced,Merced,0127373,El Capitan High
GOLDEN VALLEY HIGH SCHOOL,Merced,Merced,2430098,Golden Valley High
GUSTINE HIGH SCHOOL,Gustine,Merced,2431807,Gustine High
LE GRAND UNION HIGH SCHOOL,Le Grand,Merced,2433001,Le Grand High
LIVINGSTON HIGH SCHOOL,Livingston,Merced,2433605,Livingston High
LOS BANOS HIGH SCHOOL,Los Banos,Merced,2434207,Los Banos High
MERCED HIGH SCHOOL,Merced,Merced,2435204,Merced High
PACHECO HIGH SCHOOL,Los Banos,Merced,0120923,Pacheco High
MAMMOTH HIGH SCHOOL,Mammoth Lakes,Mono,2630010,Mammoth High
ALISAL HIGH SCHOOL,Salinas,Monterey,2730109,Alisal High
CARMEL HIGH SCHOOL,Carmel,Monterey,2730414,Carmel High
EVERETT ALVAREZ HIGH SCHOOL,Salinas,Monterey,2730166,Everett Alvarez High
GONZALES HIGH SCHOOL,Gonzales,Monterey,2730885,Gonzales High
GREENFIELD HIGH SCHOOL,Greenfield,Monterey,2730174,Greenfield High
KING CITY JOINT UNION HS,King City,Monterey,2732170,King City High
MARINA HIGH SCHOOL,Marina,Monterey,0111435,Marina High
MONTEREY HIGH SCHOOL,Monterey,Monterey,2732808,Monterey High
NORTH MONTEREY COUNTY HIGH SCH,Castroville,Monterey,2730034,North Monterey County High
NORTH SALINAS HIGH SCHOOL,Salinas,Monterey,2733178,North Salinas High
PACIFIC GROVE HIGH SCHOOL,Pacific Grove,Monterey,2733657,Pacific Grove High
RANCHO SAN JUAN HIGH SCHOOL,Salinas,Monterey,0136697,Rancho San Juan High
SALINAS HIGH SCHOOL,Salinas,Monterey,2734556,Salinas High
SEASIDE HIGH SCHOOL,Seaside,Monterey,2735348,Seaside High
SOLEDAD HIGH SCHOOL,Soledad,Monterey,2730190,Soledad High
AMERICAN CANYON HIGH SCHOOL,American Canyon,Napa,0121087,American Canyon High
CALISTOGA JUNIOR SENIOR HIGH SCHOOL,Calistoga,Napa,2831758,Calistoga Junior/Senior High
NAPA HIGH SCHOOL,Napa,Napa,2835601,Napa High
NEW TECHNOLOGY HIGH SCHOOL,Napa,Napa,2830115,New Technology High
SAINT HELENA HIGH SCHOOL,Saint Helena,Napa,2837102,Saint Helena High
VINTAGE HIGH SCHOOL,Napa,Napa,2830016,Vintage High
BEAR RIVER HIGH SCHOOL,Grass Valley,Nevada,2930048,Bear River High
GHIDOTTI EARLY COLLEGE HIGH SCHOOL,Grass Valley,Nevada,0112367,William & Marian Ghidotti High
NEVADA UNION HIGH SCHOOL,Grass Valley,Nevada,2935500,Nevada Union High
SIERRA ACADEMY EXPEDITION LRNG,Nevada City,Nevada,0124834,Sierra Academy of Expeditionary Learning
ADVANCED LEARNING ACADEMY,Santa Ana,Orange,0135897,Advanced Learning Academy
ALISO NIGUEL HIGH SCHOOL,Aliso Viejo,Orange,3030574,Aliso Niguel High
ANAHEIM HIGH SCHOOL,Anaheim,Orange,3030228,Anaheim High
ARNOLD O BECKMAN HIGH SCHOOL,Irvine,Orange,0102871,Arnold O. Beckman High
BOLSA GRANDE HIGH SCHOOL,Garden Grove,Orange,3030434,Bolsa Grande High
BREA OLINDA HIGH SCHOOL,Brea,Orange,3030640,Brea Olinda High
BUENA PARK HIGH SCHOOL,Buena Park,Orange,3030855,Buena Park High
CA ONLINE PUBLIC SCHOOLS SOUTHRN CA,San Juan Capistrano,Orange,NA,NA
CANYON HIGH SCHOOL,Anaheim,Orange,3030046,Canyon High
CAPISTRANO VALLEY HIGH SCHOOL,Mission Viejo,Orange,3030210,Capistrano Valley High
CENTURY HIGH SCHOOL,Santa Ana,Orange,3030491,Century High
CORONA DEL MAR HIGH SCHOOL,Newport Beach,Orange,3031697,Corona del Mar High
COSTA MESA HIGH SCHOOL,Costa Mesa,Orange,3031853,Costa Mesa High
CYPRESS HIGH SCHOOL,Cypress,Orange,3030038,Cypress High
DANA HILLS HIGH SCHOOL,Dana Point,Orange,3038569,Dana Hills High
EARLY COLLEGE HIGH SCHOOL,Costa Mesa,Orange,0111666,Early College High
EDISON HIGH SCHOOL,Huntington Beach,Orange,3031895,Edison High
EL DORADO HIGH SCHOOL,Placentia,Orange,3031929,El Dorado High
EL MODENA HIGH SCHOOL,Orange,Orange,3031952,El Modena High
EL TORO HIGH SCHOOL,Lake Forest,Orange,3030061,El Toro High
ESPERANZA HIGH SCHOOL,Anaheim,Orange,3030053,Esperanza High
ESTANCIA HIGH SCHOOL,Costa Mesa,Orange,3032000,Estancia High
EXCEL ACADEMY CHARTER SCH-HELENDALE,Irvine,Orange,NA,NA
FOOTHILL HIGH SCHOOL,Santa Ana,Orange,3032109,Foothill High
FOUNTAIN VALLEY HIGH SCHOOL,Fountain Valley,Orange,3032158,Fountain Valley High
FULLERTON UNION HIGH SCHOOL,Fullerton,Orange,3032505,Fullerton Union High
GARDEN GROVE HIGH SCHOOL,Garden Grove,Orange,3032752,Garden Grove High
HECTOR GODINEZ FUNDAMENTAL HS,Santa Ana,Orange,0114736,Hector G. Godinez
HUNTINGTON BEACH HIGH SCHOOL,Huntington Beach,Orange,3032943,Huntington Beach High
IRVINE HIGH SCHOOL,Irvine,Orange,3030152,Irvine High
JOHN F KENNEDY HIGH SCHOOL,La Palma,Orange,3033115,John F. Kennedy High
KATELLA HIGH SCHOOL,Anaheim,Orange,3033057,Katella High
LA HABRA HIGH SCHOOL,La Habra,Orange,3033362,La Habra High
LA QUINTA HIGH SCHOOL,Westminster,Orange,3033578,La Quinta High
LAGUNA BEACH HIGH SCHOOL,Laguna Beach,Orange,3033206,Laguna Beach High
LAGUNA HILLS HIGH SCHOOL,Laguna Hills,Orange,3030244,Laguna Hills High
LEGACY COLLEGE PREPARATORY,Santa Ana,Orange,0139774,Legacy Magnet Academy
LEGACY MAGNET ACADEMY,Tustin,Orange,0139774,Legacy Magnet Academy
LOARA HIGH SCHOOL,Anaheim,Orange,3033784,Loara High
LOS ALAMITOS HIGH SCHOOL,Los Alamitos,Orange,3033917,Los Alamitos High
LOS AMIGOS HIGH SCHOOL,Fountain Valley,Orange,3033933,Los Amigos High
MAGNOLIA HIGH SCHOOL,Anaheim,Orange,3034204,Magnolia High
MAGNOLIA SCIENCE ACADEMY-SANTA ANA,Santa Ana,Orange,0130765,Magnolia Science Academy Santa Ana
MARINA HIGH SCHOOL,Huntington Beach,Orange,3034410,Marina High
MIDDLE COLLEGE HIGH SCHOOL,Santa Ana,Orange,3030608,Middle College High
MISSION VIEJO HIGH SCHOOL,Mission Viejo,Orange,3034956,Mission Viejo High
NEWPORT HARBOR HIGH SCHOOL,Newport Beach,Orange,3035045,Newport Harbor High
NORTHWOOD HIGH SCHOOL,Irvine,Orange,3030657,Northwood High
NOVA ACADEMY EARLY COLLEGE HS,Santa Ana,Orange,0106567,Nova Academy Early College High
OCEAN VIEW HIGH SCHOOL,Huntington Beach,Orange,3030145,Ocean View High
ORANGE COUNTY HS OF THE ARTS,Santa Ana,Orange,3030723,OCSA
ORANGE HIGH SCHOOL,Orange,Orange,3035409,Orange High
OXFORD ACADEMY,Cypress,Orange,3030616,Oxford Academy
PACIFICA HIGH SCHOOL,Garden Grove,Orange,3035581,Pacifica High
PORTOLA HIGH SCHOOL,Irvine,Orange,0133405,Portola High
RANCHO ALAMITOS HIGH SCHOOL,Garden Grove,Orange,3035706,Rancho Alamitos High
SADDLEBACK HIGH SCHOOL,Santa Ana,Orange,3035821,Saddleback High
SAMUELI ACADEMY,Santa Ana,Orange,0126037,Samueli Academy
SAN CLEMENTE HIGH SCHOOL,San Clemente,Orange,3036001,San Clemente High
SAN JUAN HILLS HIGH SCHOOL,San Juan Capistrano,Orange,0113381,San Juan Hills High
SANTA ANA HIGH SCHOOL,Santa Ana,Orange,3036357,Santa Ana High
SANTIAGO HIGH SCHOOL,Garden Grove,Orange,3036555,Santiago High
SAVANNA HIGH SCHOOL,Anaheim,Orange,3036712,Savanna High
SEGERSTROM HIGH SCHOOL,Santa Ana,Orange,0108365,Segerstrom High
SONORA HIGH SCHOOL,La Habra,Orange,3037090,Sonora High
SUNNY HILLS HIGH SCHOOL,Fullerton,Orange,3037348,Sunny Hills High
TESORO HIGH SCHOOL,Rancho San Margarit,Orange,3030756,Tesoro High
TRABUCO HILLS HIGH SCHOOL,Mission Viejo,Orange,3030392,Trabuco Hills High
TROY HIGH SCHOOL,Fullerton,Orange,3037496,Troy High
TUSTIN CONNECT,Tustin,Orange,3030590,Tustin Connect
TUSTIN HIGH SCHOOL,Tustin,Orange,3037553,Tustin High
UNIVERSITY HIGH SCHOOL,Irvine,Orange,3035102,University High
VALENCIA HIGH SCHOOL,Placentia,Orange,3038023,Valencia High
VALLEY HIGH SCHOOL,Santa Ana,Orange,3036456,Valley High
VILLA PARK HIGH SCHOOL,Villa Park,Orange,3038098,Villa Park High
WESTERN HIGH SCHOOL,Anaheim,Orange,3038239,Western High
WESTMINSTER HIGH SCHOOL,Westminster,Orange,3038445,Westminster High
WOODBRIDGE HIGH SCHOOL,Irvine,Orange,3030285,Woodbridge High
YORBA LINDA HIGH SCHOOL,Yorba Linda,Orange,0119404,Yorba Linda High
COLFAX HIGH SCHOOL,Colfax,Placer,3131851,Colfax High
DEL ORO HIGH SCHOOL,Loomis,Placer,3132453,Del Oro High
GRANITE BAY HIGH SCHOOL,Granite Bay,Placer,3130184,Granite Bay High
INDEPENDENCE HIGH SCHOOL,Roseville,Placer,3130119,Independence High (Alternative)
LINCOLN HIGH SCHOOL,Lincoln,Placer,3134657,Lincoln High
NORTH TAHOE HIGH SCHOOL,Tahoe City,Placer,3130010,North Tahoe High
OAKMONT HIGH SCHOOL,Roseville,Placer,3135308,Oakmont High
PLACER HIGH SCHOOL,Auburn,Placer,3135704,Placer High
ROCKLIN HIGH SCHOOL,Rocklin,Placer,3130150,Rocklin High
ROSEVILLE HIGH SCHOOL,Roseville,Placer,3136504,Roseville High
TRUCKEE HIGH SCHOOL,Truckee,Placer,3138500,Tahoe Truckee High
TWELVE BRIDGES HIGH SCHOOL,Lincoln,Placer,0140541,Twelve Bridges High
WEST PARK HIGH SCHOOL,Roseville,Placer,0139840,West Park High
WESTERN SIERRA COLLEGIATE ACAD,Rocklin,Placer,0119487,Western Sierra Collegiate Academy
WHITNEY HIGH SCHOOL,Rocklin,Placer,0108084,Whitney High
WOODCREEK HIGH SCHOOL,Roseville,Placer,3130176,Woodcreek High
PORTOLA JUNIOR SENIOR HIGH SCHOOL,Portola,Plumas,3235603,Portola Junior/Senior High
QUINCY JUNIOR SENIOR HIGH SCHOOL,Quincy,Plumas,3236007,Quincy Junior/Senior High
ARLINGTON HIGH SCHOOL,Riverside,Riverside,3330024,Arlington High
BANNING HIGH SCHOOL,Banning,Riverside,3330214,Banning High
BEAUMONT HIGH SCHOOL,Beaumont,Riverside,3330479,Beaumont Senior High
CALIFORNIA MILITARY INSTITUTE,Perris,Riverside,0101170,California Military Institute
CANYON SPRINGS HIGH SCHOOL,Moreno Valley,Riverside,3330396,Canyon Springs High
CATHEDRAL CITY HIGH SCHOOL,Cathedral City,Riverside,3330578,Cathedral City High
CENTENNIAL HIGH SCHOOL,Corona,Riverside,3330446,Centennial High
CHAPARRAL HIGH SCHOOL,Temecula,Riverside,3330743,Chaparral High
CITRUS HILL HIGH SCHOOL,Perris,Riverside,0109108,Citrus Hill High
COACHELLA VALLEY HIGH SCHOOL,Thermal,Riverside,3330990,Coachella Valley High
CORONA HIGH SCHOOL,Corona,Riverside,3331600,Corona High
DESERT HOT SPRINGS HS,Desert Hot Springs,Riverside,3330818,Desert Hot Springs High
DESERT MIRAGE HIGH SCHOOL,Thermal,Riverside,0100255,Desert Mirage High
ELEANOR ROOSEVELT HIGH SCHOOL,Eastvale,Riverside,0110627,Eleanor Roosevelt High
ELSINORE HIGH SCHOOL,Wildomar,Riverside,3332350,Elsinore High
GREAT OAK HIGH SCHOOL,Temecula,Riverside,0105734,Great Oak High
HEMET HIGH SCHOOL,Hemet,Riverside,3332673,Hemet High
HERITAGE HIGH SCHOOL,Menifee,Riverside,0113191,Heritage High
HILLCREST HIGH SCHOOL,Riverside,Riverside,0125732,Hillcrest High
INDIO HIGH SCHOOL,Indio,Riverside,3333192,Indio High
JOHN F KENNEDY MIDDLE COLG HS,Norco,Riverside,0110759,John F. Kennedy High
JOHN W NORTH HIGH SCHOOL,Riverside,Riverside,3334406,John W. North High
JURUPA VALLEY HIGH SCHOOL,Jurupa Valley,Riverside,3330412,Jurupa Valley High
LA QUINTA HIGH SCHOOL,La Quinta,Riverside,3330669,La Quinta High
LA SIERRA HIGH SCHOOL,Riverside,Riverside,3330008,La Sierra High
LAKESIDE HIGH SCHOOL,Lake Elsinore,Riverside,0107920,Lakeside High
LIBERTY HIGH SCHOOL,Winchester,Riverside,0140491,Liberty High
MARTIN LUTHER KING HIGH SCHOOL,Riverside,Riverside,3330859,Martin Luther King Jr. High
MISSION VISTA ACADEMY,Corona,Riverside,0139360,Mission Vista Academy
MORENO VALLEY HIGH SCHOOL,Moreno Valley,Riverside,3333770,Moreno Valley High
MURRIETA MESA HIGH SCHOOL,Murrieta,Riverside,0118794,Murrieta Mesa High
MURRIETA VALLEY HIGH SCHOOL,Murrieta,Riverside,3330529,Murrieta Valley High
NORCO HIGH SCHOOL,Norco,Riverside,3334232,Norco High
NORTE VISTA SENIOR HIGH SCHOOL,Riverside,Riverside,3334299,Norte Vista High
NUVIEW BRIDGE EARLY COLLEGE HS,Nuevo,Riverside,3331014,Nuview Bridge Early College High
ORANGE VISTA HIGH SCHOOL,Perris,Riverside,0133306,Orange Vista High
PALM DESERT HIGH SCHOOL,Palm Desert,Riverside,3330388,Palm Desert High
PALM SPRINGS HIGH SCHOOL,Palm Springs,Riverside,3335130,Palm Springs High
PALOMA VALLEY HIGH SCHOOL,Menifee,Riverside,3330727,Paloma Valley High
PATRIOT HIGH SCHOOL,Jurupa Valley,Riverside,0114157,Patriot High
PERRIS HIGH SCHOOL,Perris,Riverside,3335973,Perris High
RAMONA HIGH SCHOOL,Riverside,Riverside,3336492,Ramona High
RANCHO MIRAGE HIGH SCHOOL,Rancho Mirage,Riverside,0127316,Rancho Mirage High
RANCHO VERDE HIGH SCHOOL,Moreno Valley,Riverside,3330552,Rancho Verde High
RIVER SPRINGS CHARTER SCHOOL,Temecula,Riverside,0110833,River Springs Charter
RIVERSIDE POLY HIGH SCHOOL,Riverside,Riverside,NA,NA
RIVERSIDE STEM ACADEMY,Riverside,Riverside,0131359,Riverside STEM Academy
RUBIDOUX HIGH SCHOOL,Jurupa Valley,Riverside,3337136,Rubidoux High
SAN JACINTO HIGH SCHOOL,San Jacinto,Riverside,3337656,San Jacinto High
SAN JACINTO LEADERSHIP ACADEMY,San Jacinto,Riverside,3337656,San Jacinto High
SAN JACINTO VALLEY ACADEMY,San Jacinto,Riverside,6114748,San Jacinto Valley Academy
SANTA ROSA ACADEMY,Menifee,Riverside,0109843,Santa Rosa Academy
SANTIAGO HIGH SCHOOL,Corona,Riverside,3330701,Santiago High
SHADOW HILLS HIGH SCHOOL,Indio,Riverside,0118885,Shadow Hills High
TAHQUITZ HIGH SCHOOL,Hemet,Riverside,0113159,Tahquitz High
TEMECULA PREPARATORY SCHOOL,Winchester,Riverside,3330917,Temecula Preparatory
TEMECULA VALLEY HIGH SCHOOL,Temecula,Riverside,3330370,Temecula Valley High
TEMESCAL CANYON HIGH SCHOOL,Lake Elsinore,Riverside,3330487,Temescal Canyon High
VALLEY VIEW HIGH SCHOOL,Moreno Valley,Riverside,3330438,Valley View High
VISTA DEL LAGO HIGH SCHOOL,Moreno Valley,Riverside,3331071,Vista del Lago High
VISTA MURRIETA HIGH SCHOOL,Murrieta,Riverside,0100420,Vista Murrieta High
WEST SHORES HIGH SCHOOL,Thermal,Riverside,3330354,West Shores High
WEST VALLEY HIGH SCHOOL,Hemet,Riverside,3330537,West Valley High
WESTERN CENTER ACADEMY,Hemet,Riverside,0120675,Western Center Academy
ANTELOPE HIGH SCHOOL,Antelope,Sacramento,NA,NA
ASPIRE ALEXANDER TWILIGHT SCND,Sacramento,Sacramento,0121467,Aspire Alexander Twilight Secondary Academy
BELLA VISTA HIGH SCHOOL,Fair Oaks,Sacramento,3430493,Bella Vista High
C K MCCLATCHY HIGH SCHOOL,Sacramento,Sacramento,3435419,C. K. McClatchy High
CASA ROBLE FUNDAMENTAL HS,Orangevale,Sacramento,3431111,Casa Roble Fundamental High
CENTER HIGH SCHOOL,Antelope,Sacramento,3430378,Center High
CORDOVA HIGH SCHOOL,Rancho Cordova,Sacramento,3431533,Cordova High
COSUMNES OAKS HIGH SCHOOL,Elk Grove,Sacramento,0116897,Cosumnes Oaks High
CREATIVE CONNECTIONS ARTS ACAD,North Highlands,Sacramento,0108795,Creative Connections Arts Academy
DEL CAMPO HIGH SCHOOL,Fair Oaks,Sacramento,3432051,Del Campo High
EL CAMINO FUNDAMENTAL HS,Sacramento,Sacramento,3432317,El Camino Fundamental High
ELK GROVE HIGH SCHOOL,Elk Grove,Sacramento,3432572,Elk Grove High
ENCINA HIGH SCHOOL,Sacramento,Sacramento,3432838,Encina Preparatory High
FLORIN HIGH SCHOOL,Sacramento,Sacramento,3430477,Florin High
FOLSOM HIGH SCHOOL,Folsom,Sacramento,3433216,Folsom High
FOOTHILL HIGH SCHOOL,Sacramento,Sacramento,3433265,Foothill High
FRANKLIN HIGH SCHOOL,Elk Grove,Sacramento,3430873,Franklin High
FUTURES HIGH SCHOOL,Sacramento,Sacramento,0101832,Futures High
GALT HIGH SCHOOL,Galt,Sacramento,3433471,Galt High
GRANT UNION HIGH SCHOOL,Sacramento,Sacramento,3433794,Grant Union High
HEALTH PROFESSIONS HIGH SCH,Sacramento,Sacramento,0108951,Arthur A. Benjamin Health Professions High
HERITAGE PEAK CHARTER SCHOOL,Rio Linda,Sacramento,0108415,Heritage Peak Charter
HIGHLANDS HIGH SCHOOL,North Highlands,Sacramento,3434370,Highlands High
HIRAM W JOHNSON HIGH SCHOOL,Sacramento,Sacramento,3434636,Hiram W. Johnson High
INDERKUM HIGH SCHOOL,Sacramento,Sacramento,0102236,Inderkum High
JOHN F KENNEDY HIGH SCHOOL,Sacramento,Sacramento,3434768,John F. Kennedy High
LAGUNA CREEK HIGH SCHOOL,Elk Grove,Sacramento,3430592,Laguna Creek High
LEROY GREENE ACADEMY,Sacramento,Sacramento,0126060,Leroy Greene Academy
LIBERTY RANCH HIGH SCHOOL,Galt,Sacramento,0119131,Liberty Ranch High
LUTHER BURBANK HIGH SCHOOL,Sacramento,Sacramento,3431012,Luther Burbank High
MESA VERDE HIGH SCHOOL,Citrus Heights,Sacramento,3430048,Mesa Verde High
MET SACRAMENTO HIGH SCHOOL,Sacramento,Sacramento,0101907,The MET
MIRA LOMA HIGH SCHOOL,Sacramento,Sacramento,3435930,Mira Loma High
MONTEREY TRAIL HIGH SCHOOL,Elk Grove,Sacramento,0105916,Monterey Trail High
NATOMAS CHARTER SCHOOL,Sacramento,Sacramento,3430659,Natomas Charter
NATOMAS HIGH SCHOOL,Sacramento,Sacramento,3430659,Natomas Charter
NATOMAS PACIFIC PATHWAYS PREP,Sacramento,Sacramento,0112425,Natomas Pacific Pathways Prep
PLEASANT GROVE HIGH SCHOOL,Elk Grove,Sacramento,0108753,Pleasant Grove High
REX & MARGARET FORTUNE ECHS,Elk Grove,Sacramento,0136275,Fortune
RIO AMERICANO HIGH SCHOOL,Sacramento,Sacramento,3436714,Rio Americano High
RIO LINDA SENIOR HIGH SCHOOL,Rio Linda,Sacramento,3436979,Rio Linda High
ROSEMONT HIGH SCHOOL,Sacramento,Sacramento,0101972,Rosemont High
SACRAMENTO HIGH SCHOOL,Sacramento,Sacramento,0102038,Sacramento Charter High
SAN JUAN HIGH SCHOOL,Citrus Heights,Sacramento,3438504,San Juan High
SCHOOL OF ENGINEERING & SCIENCES,Sacramento,Sacramento,0114546,School of Engineering & Sciences
SHELDON HIGH SCHOOL,Sacramento,Sacramento,3430618,Sheldon High
UMOJA INTERNATIONAL ACADEMY,Sacramento,Sacramento,6061832,Umoja International Academy
VALLEY HIGH SCHOOL,Sacramento,Sacramento,3430170,Valley High
VISIONS IN EDUCATION,Carmichael,Sacramento,3430717,Visions In Education
VISTA DEL LAGO HIGH SCHOOL,Folsom,Sacramento,0113571,Vista del Lago High
WEST CAMPUS HIGH SCHOOL,Sacramento,Sacramento,3430865,West Campus
WESTLAKE CHARTER HIGH SCHOOL,Sacramento,Sacramento,NA,NA
HOLLISTER HIGH SCHOOL,Hollister,San Benito,3537008,Hollister High
A B MILLER HIGH SCHOOL,Fontana,San Bernardino,3630555,Fontana A. B. Miller High
ACADEMY FOR ACADEMIC EXCELLENCE,Apple Valley,San Bernardino,3631207,Academy for Academic Excellence
ADELANTO HIGH SCHOOL,Adelanto,San Bernardino,0125419,Adelanto High
ALTA LOMA HIGH SCHOOL,Alta Loma,San Bernardino,3630225,Alta Loma High
APPLE VALLEY HIGH SCHOOL,Apple Valley,San Bernardino,3630423,Apple Valley High
ARROYO VALLEY HIGH SCHOOL,San Bernardino,San Bernardino,3631082,Arroyo Valley High
BIG BEAR HIGH SCHOOL,Big Bear City,San Bernardino,3631066,Big Bear High
BLOOMINGTON HIGH SCHOOL,Bloomington,San Bernardino,3631322,Bloomington High
CAJON HIGH SCHOOL,San Bernardino,San Bernardino,3632221,Cajon High
CHAFFEY DISTRICT ONLINE HS,Ontario,San Bernardino,0126243,Chaffey District Online High
CHAFFEY HIGH SCHOOL,Ontario,San Bernardino,3632205,Chaffey High
CHINO HIGH SCHOOL,Chino,San Bernardino,3632502,Chino High
CHINO HILLS HIGH SCHOOL,Chino Hills,San Bernardino,3631017,Chino Hills High
CITRUS VALLEY HIGH SCHOOL,Redlands,San Bernardino,0118802,Citrus Valley High
COBALT INSTITUTE OF MATH & SCIENCE,Victorville,San Bernardino,6114698,Cobalt Institute of Math and Science Academy
COLONY HIGH SCHOOL,Ontario,San Bernardino,3631157,Colony High
COLTON HIGH SCHOOL,Colton,San Bernardino,3632742,Colton High
DON ANTONIO LUGO HIGH SCHOOL,Chino,San Bernardino,3630035,Don Antonio Lugo High
EISENHOWER HIGH SCHOOL,Rialto,San Bernardino,3633005,Eisenhower High
ETIWANDA HIGH SCHOOL,Etiwanda,San Bernardino,3630373,Etiwanda High
EXCELSIOR CHARTER SCHL VICTORVILLE,Victorville,San Bernardino,3630761,Excelsior Charter
FONTANA HIGH SCHOOL,Fontana,San Bernardino,3633302,Fontana High
GRAND TERRACE HIGH SCHOOL,Grand Terrace,San Bernardino,0125500,Grand Terrace High School at the Ray Abril Jr. Educational Complex
GRANITE HILLS HIGH SCHOOL,Apple Valley,San Bernardino,3630894,Granite Hills High
GROVE HIGH SCHOOL,Redlands,San Bernardino,3630928,Grove
HENRY J KAISER HIGH SCHOOL,Fontana,San Bernardino,3630902,Henry J. Kaiser High
HESPERIA HIGH SCHOOL,Hesperia,San Bernardino,3630407,Hesperia High
INDIAN SPRINGS HIGH SCHOOL,San Bernardino,San Bernardino,0125450,Indian Springs High
JURUPA HILLS HIGH SCHOOL,Fontana,San Bernardino,0120758,Jurupa Hills High
LOS OSOS HIGH SCHOOL,Rancho Cucamonga,San Bernardino,3631058,Los Osos High
MIDDLE COLLEGE HIGH SCHOOL,San Bernardino,San Bernardino,3631090,Middle College High
MONTCLAIR HIGH SCHOOL,Montclair,San Bernardino,3633906,Montclair High
NORTON SCIENCE & LANGUAGE ACADEMY,San Bernardino,San Bernardino,NA,NA
OAK HILLS HIGH SCHOOL,Oak Hills,San Bernardino,0119115,Oak Hills High
ONTARIO HIGH SCHOOL,Ontario,San Bernardino,3634482,Ontario High
OPTIONS FOR YOUTH - ACTON-FONTANA 2,Fontana,San Bernardino,NA,NA
PACIFIC HIGH SCHOOL,San Bernardino,San Bernardino,3634680,Pacific High
RANCHO CUCAMONGA HIGH SCHOOL,Rancho Cucamonga,San Bernardino,3630571,Rancho Cucamonga High
REDLANDS EAST VALLEY HS,Redlands,San Bernardino,3630779,Redlands East Valley High
REDLANDS HIGH SCHOOL,Redlands,San Bernardino,3635042,Redlands Senior High
RIALTO HIGH SCHOOL,Rialto,San Bernardino,3630597,Rialto High
RIM OF THE WORLD HIGH SCHOOL,Lake Arrowhead,San Bernardino,3635265,Rim of the World Senior High
RIVERSIDE PREPARATORY,Oro Grande,San Bernardino,0113928,Riverside Preparatory
RUBEN S AYALA HIGH SCHOOL,Chino Hills,San Bernardino,3630522,Ruben S. Ayala High
SAGE OAK CHARTER,Redlands,San Bernardino,0136069,Sage Oak Charter
SAN BERNARDINO HIGH SCHOOL,San Bernardino,San Bernardino,3635844,San Bernardino High
SAN GORGONIO HIGH SCHOOL,San Bernardino,San Bernardino,3636081,San Gorgonio High
SERRANO HIGH SCHOOL,Phelan,San Bernardino,3630233,Serrano High
SILVERADO HIGH SCHOOL,Victorville,San Bernardino,3630787,Silverado High
SULTANA HIGH SCHOOL,Hesperia,San Bernardino,3630746,Sultana High
SUMMIT HIGH SCHOOL,Fontana,San Bernardino,0108191,Summit High
TWENTYNINE PALMS HIGH SCHOOL,Twentynine Palms,San Bernardino,3636743,Twentynine Palms High
UNIVERSITY PREPARATORY,Victorville,San Bernardino,0110064,University Preparatory
UPLAND HIGH SCHOOL,Upland,San Bernardino,3637584,Upland High
VICTOR VALLEY HIGH SCHOOL,Victorville,San Bernardino,3638012,Victor Valley High
WILMER AMINA CARTER HS,Rialto,San Bernardino,0102830,Wilmer Amina Carter High
YUCAIPA SENIOR HIGH SCHOOL,Yucaipa,San Bernardino,3638509,Yucaipa High
ALTUS CHARTER SCHOOL OF SAN DIEGO,San Diego,San Diego,0107219,San Diego High
AUDEO CHARTER SCHOOL I,San Diego,San Diego,3731395,Audeo Charter
BAYFRONT CHARTER HIGH SCHOOL,Chula Vista,San Diego,NA,NA
BONITA VISTA HIGH SCHOOL,Chula Vista,San Diego,3730405,Bonita Vista Senior High
BONSALL HIGH SCHOOL,Bonsall,San Diego,0129320,Bonsall High
BOSTONIA GLOBAL,El Cajon,San Diego,0140558,Bostonia Global
CABRILLO POINT ACADEMY,El Cajon,San Diego,0132506,Cabrillo Point Academy
CANYON CREST ACADEMY,San Diego,San Diego,0106328,Canyon Crest Academy
CANYON HILLS HIGH SCHOOL,San Diego,San Diego,3730173,Canyon Hills High
CARLSBAD HIGH SCHOOL,Carlsbad,San Diego,3730694,Carlsbad High
CASTLE PARK HIGH SCHOOL,Chula Vista,San Diego,3730801,Castle Park Senior High
CHULA VISTA HIGH SCHOOL,Chula Vista,San Diego,3731064,Chula Vista Senior High
CHULA VISTA LRNG CMNTY CHARTER,Chula Vista,San Diego,6115778,Chula Vista Learning Community Charter
CLAIREMONT HIGH SCHOOL,San Diego,San Diego,3731213,Clairemont High
CLASSICAL ACADEMY HIGH SCHOOL,Escondido,San Diego,0111195,Classical Academy High
COASTAL ACADEMY HS OCEANSIDE,Oceanside,San Diego,0136267,Coastal Academy Charter
CORONADO HIGH SCHOOL,Coronado,San Diego,3731478,Coronado High
CRAWFORD HIGH SCHOOL,San Diego,San Diego,0107177,Crawford High
DEL LAGO ACADEMY,Escondido,San Diego,0127241,Del Lago Academy - Campus of Applied Science
DEL NORTE HIGH SCHOOL,San Diego,San Diego,0118935,Del Norte High
E3 CIVIC HIGH,San Diego,San Diego,0127647,e3 Civic High
EAST VILLAGE MIDDLE COLLEGE HS,San Diego,San Diego,0118315,East Village Middle College High
EASTLAKE HIGH SCHOOL,Chula Vista,San Diego,3730843,Eastlake High
EL CAJON VALLEY HIGH SCHOOL,El Cajon,San Diego,3731692,El Cajon Valley High
EL CAMINO HIGH SCHOOL,Oceanside,San Diego,3739018,El Camino High
EL CAPITAN HIGH SCHOOL,Lakeside,San Diego,3731809,El Capitan High
ESCONDIDO CHARTER HIGH SCHOOL,Escondido,San Diego,3732062,Escondido High
ESCONDIDO HIGH SCHOOL,Escondido,San Diego,3732062,Escondido High
FALLBROOK UNION HIGH SCHOOL,Fallbrook,San Diego,3732179,Fallbrook High
GOMPERS PREPARATORY ACADEMY,San Diego,San Diego,0119610,Gompers Preparatory Academy
GRANITE HILLS HIGH SCHOOL,El Cajon,San Diego,3732336,Granite Hills High
GROSSMONT HIGH SCHOOL,El Cajon,San Diego,3732625,Grossmont High
GUAJOME PARK ACADEMY,Vista,San Diego,3730942,Guajome Park Academy Charter
HEALTH SCIENCES HIGH/MID COLL,San Diego,San Diego,0114462,Health Sciences High and Middle College
HELIX HIGH SCHOOL,La Mesa,San Diego,3732732,Helix High
HIGH TECH HIGH - NORTH COUNTY,San Marcos,San Diego,0114694,High Tech High North County
HIGH TECH HIGH CHULA VISTA,Chula Vista,San Diego,3731064,Chula Vista Senior High
HIGH TECH HIGH INTERNATIONAL,San Diego,San Diego,3731247,High Tech High
HIGH TECH HIGH MEDIA ARTS,San Diego,San Diego,0108787,High Tech High Media Arts
HIGH TECH HIGH MESA,San Diego,San Diego,0137067,High Tech High Mesa
HIGH TECH HIGH SCHOOL,San Diego,San Diego,3731247,High Tech High
HILLTOP HIGH SCHOOL,Chula Vista,San Diego,3732849,Hilltop Senior High
HOOVER HIGH SCHOOL,San Diego,San Diego,3732997,Hoover High
KEARNY COLLEGE CONNECTIONS,San Diego,San Diego,0107094,Kearny College Connections
KEARNY DIGITAL MEDIA & DESIGN,San Diego,San Diego,0107078,Kearny Digital Media & Design
KEARNY SCH BIOMED SCIENCE TECH,San Diego,San Diego,0107086,Kearny School of Biomedical Science and Technology
LA COSTA CANYON HIGH SCHOOL,Carlsbad,San Diego,3731007,La Costa Canyon High
LA JOLLA HIGH,La Jolla,San Diego,3733508,La Jolla High
LINCOLN HIGH SCHOOL,San Diego,San Diego,0114025,Lincoln High
MADISON HIGH SCHOOL,San Diego,San Diego,3733698,Madison High
MAR VISTA HIGH SCHOOL,Imperial Beach,San Diego,3733953,Mar Vista Senior High
MIRA MESA HIGH SCHOOL,San Diego,San Diego,3730181,Mira Mesa High
MISSION BAY HIGH,San Diego,San Diego,3734431,Mission Bay High
MISSION HILLS HIGH SCHOOL,San Marcos,San Diego,0105726,Mission Hills High
MISSION VISTA HIGH SCHOOL,Oceanside,San Diego,0118430,Mission Vista High
MONTE VISTA HIGH SCHOOL,Spring Valley,San Diego,3734548,Monte Vista High
MONTGOMERY HIGH SCHOOL,San Diego,San Diego,3738234,Montgomery Senior High
MORSE HIGH SCHOOL,San Diego,San Diego,3734654,Morse High
MOUNT CARMEL HIGH SCHOOL,San Diego,San Diego,3730074,Mt. Carmel High
MOUNT EVEREST ACADEMY,San Diego,San Diego,3730751,Mt. Everest Academy
MOUNT MIGUEL HIGH SCHOOL,Spring Valley,San Diego,3734761,Mount Miguel High
OCEANSIDE HIGH SCHOOL,Oceanside,San Diego,3735206,Oceanside High
OFARRELL CHARTER SCHOOL,San Diego,San Diego,6061964,The O'Farrell Charter
OLYMPIAN HIGH SCHOOL,Chula Vista,San Diego,0111831,Olympian High
ORANGE GLEN HIGH SCHOOL,Escondido,San Diego,3735313,Orange Glen High
OTAY RANCH HIGH SCHOOL,Chula Vista,San Diego,3731627,Otay Ranch Senior High
PACIFIC COAST ACADEMY,Poway,San Diego,0136416,Pacific Coast Academy
PATRICK HENRY HIGH SCHOOL,San Diego,San Diego,3732781,Henry High
POINT LOMA HIGH SCHOOL,San Diego,San Diego,3735750,Point Loma High
POWAY HIGH SCHOOL,Poway,San Diego,3735867,Poway High
POWAY TO PALOMAR MIDDLE COLLEGE,San Diego,San Diego,0141390,Poway to Palomar Middle College High
PREUSS SCHOOL UCSD,La Jolla,San Diego,3731189,Preuss School UCSD
RAMONA HIGH SCHOOL,Ramona,San Diego,3735974,Ramona High
RANCHO BERNARDO HIGH SCHOOL,San Diego,San Diego,3730819,Rancho Bernardo High
RANCHO BUENA VISTA HIGH SCHOOL,Vista,San Diego,3730728,Rancho Buena Vista High
SAGE CREEK HIGH SCHOOL,Carlsbad,San Diego,0127423,Sage Creek High
SAN DIEGO HIGH SCHOOL,San Diego,San Diego,0107219,San Diego High
SAN DIEGO SCHL CREATE/PERFORM,San Diego,San Diego,0107219,San Diego High
SAN DIEGUITO ACADEMY,Encinitas,San Diego,3737418,San Dieguito HS Academy
SAN MARCOS HIGH SCHOOL,San Marcos,San Diego,3737632,San Marcos High
SAN PASQUAL HIGH SCHOOL,Escondido,San Diego,3730058,San Pasqual High
SAN YSIDRO HIGH SCHOOL,San Diego,San Diego,3731502,San Ysidro High
SANTANA HIGH SCHOOL,Santee,San Diego,3737905,Santana High
SCHL ENTREPRENEURSHIP & TECH,San Diego,San Diego,0122788,School for Entrepreneurship and Technology
SCRIPPS RANCH HIGH,San Diego,San Diego,3730884,Scripps Ranch High
SOUTHWEST HIGH SCHOOL,San Diego,San Diego,3730124,Southwest Senior High
STEELE CANYON HIGH SCHOOL,Spring Valley,San Diego,3731262,Steele Canyon High
SWEETWATER HIGH SCHOOL,National City,San Diego,3738226,Sweetwater High
TORREY PINES HIGH SCHOOL,San Diego,San Diego,3730033,Torrey Pines High
UNIVERSITY CITY HIGH SCHOOL,San Diego,San Diego,3730314,University City High
VALHALLA HIGH SCHOOL,El Cajon,San Diego,3730066,Valhalla High
VALLEY CENTER HIGH SCHOOL,Valley Center,San Diego,3731114,Valley Center High
VISTA HIGH SCHOOL,Vista,San Diego,3738705,Vista High
WEST HILLS HIGH SCHOOL,Santee,San Diego,3730702,West Hills High
WESTVIEW HIGH SCHOOL,San Diego,San Diego,3731528,Westview High
ABRAHAM LINCOLN HIGH SCHOOL,San Francisco,San Francisco,3833241,Lincoln (Abraham) High
ACADEMY-SAN FRAN @ MCATEER,San Francisco,San Francisco,0119958,Academy (The)- SF @McAteer
BALBOA HIGH SCHOOL,San Francisco,San Francisco,3830288,Balboa High
CITY ARTS AND LEADERSHIP ACADEMY,San Francisco,San Francisco,0107300,City Arts & Leadership Academy
GALILEO ACAD OF SCIENCE & TECH,San Francisco,San Francisco,3831765,Galileo High
GATEWAY HIGH SCHOOL,San Francisco,San Francisco,3830437,Gateway High
GEORGE WASHINGTON HIGH SCHOOL,San Francisco,San Francisco,3839081,Washington (George) High
INDEPENDENCE HIGH SCHOOL,San Francisco,San Francisco,3830197,Independence High
JOHN O'CONNELL HIGH SCHOOL,San Francisco,San Francisco,3834769,O'Connell (John) High
JUNE JORDAN SCHOOL FOR EQUITY,San Francisco,San Francisco,0102103,Jordan (June) School for Equity
KIPP SAN FRANCISCO COLG PREP,San Francisco,San Francisco,0127530,KIPP San Francisco College Preparatory
LOWELL HIGH SCHOOL,San Francisco,San Francisco,3833407,Lowell High
MISSION SENIOR HIGH SCHOOL,San Francisco,San Francisco,3834082,Mission High
PHILLIP & SALA BURTON ACAD HS,San Francisco,San Francisco,3830254,Burton (Phillip and Sala) Academic High
RAOUL WALLENBERG TRADITIONAL,San Francisco,San Francisco,3830205,Wallenberg (Raoul) Traditional High
RUTH ASAWA SCHOOL OF THE ARTS,San Francisco,San Francisco,3830387,"Asawa (Ruth) SF Sch of the Arts, A Public School"
SAN FRANCISCO INTERNATIONAL HS,San Francisco,San Francisco,NA,NA
THURGOOD MARSHALL ACADEMIC HS,San Francisco,San Francisco,3830403,Marshall (Thurgood) High
ABLE CHARTER,Stockton,San Joaquin,0126755,ABLE Charter
ASPIRE BENJAMIN HOLT COLG PREP,Stockton,San Joaquin,0101956,Aspire Benjamin Holt College Preparatory Academy
ASPIRE LANGSTON HUGHES ACADEMY,Stockton,San Joaquin,0118497,Aspire Langston Hughes Academy
BEAR CREEK HIGH SCHOOL,Stockton,San Joaquin,3930237,Bear Creek High
CA ONLINE PUBLIC SCH CENTRAL VALLEY,Ripon,San Joaquin,NA,NA
CA ONLINE PUBLIC SCH MONTEREY BAY,Ripon,San Joaquin,NA,NA
CA ONLINE PUBLIC SCH NORTHERN CA,Ripon,San Joaquin,NA,NA
CESAR CHAVEZ HIGH SCHOOL,Stockton,San Joaquin,0108159,Cesar Chavez High
EAST UNION HIGH SCHOOL,Manteca,San Joaquin,3932001,East Union High
EDISON SENIOR HIGH SCHOOL,Stockton,San Joaquin,3932100,Edison High
EDWARD C MERLO INSTITUTE,Stockton,San Joaquin,0115402,Edward C. Merlo Institute of Environmental Studies
ESCALON HIGH SCHOOL,Escalon,San Joaquin,3932308,Escalon High
FRANKLIN HIGH SCHOOL,Stockton,San Joaquin,3932654,Franklin High
HEALTH CAREERS ACADEMY HS,Stockton,San Joaquin,0123802,Health Careers Academy
JOHN C KIMBALL HIGH SCHOOL,Tracy,San Joaquin,0119040,John C. Kimball High
LATHROP HIGH SCHOOL,Lathrop,San Joaquin,0116376,Lathrop High
LINCOLN HIGH SCHOOL,Stockton,San Joaquin,3933801,Lincoln High
LINDEN HIGH SCHOOL,Linden,San Joaquin,3933959,Linden High
LODI HIGH SCHOOL,Lodi,San Joaquin,3934783,Lodi High
MANTECA HIGH SCHOOL,Manteca,San Joaquin,3935103,Manteca High
MERRILL F WEST HIGH SCHOOL,Tracy,San Joaquin,3930302,Merrill F. West High
MIDDLE COLLEGE HIGH SCHOOL,Stockton,San Joaquin,3930443,Middle College High
MILLENNIUM HIGH SCHOOL,Tracy,San Joaquin,0102392,Millennium Charter
MOUNTAIN HOUSE HIGH SCHOOL,Mountain House,San Joaquin,0128967,Mountain House High
PACIFIC LAW ACADEMY,Stockton,San Joaquin,0124248,Pacific Law Academy
RIPON HIGH SCHOOL,Ripon,San Joaquin,3935756,Ripon High
RONALD E MCNAIR HIGH SCHOOL,Stockton,San Joaquin,0108225,Ronald E. McNair High
SIERRA HIGH SCHOOL,Manteca,San Joaquin,3930310,Sierra High
STAGG HIGH SCHOOL,Stockton,San Joaquin,3937406,Stagg Senior High
STOCKTON COLLEGIATE INTL HIGH SCHOO,Stockton,San Joaquin,0120733,Stockton Collegiate International Secondary
STOCKTON EARLY COLLEGE ACADEMY,Stockton,San Joaquin,0119743,Stockton Early College Academy
TOKAY HIGH SCHOOL,Lodi,San Joaquin,3934759,Tokay High
TRACY HIGH SCHOOL,Tracy,San Joaquin,3938008,Tracy High
VENTURE ACADEMY,Stockton,San Joaquin,3930476,Venture Academy
WEBER INSTITUTE OF APPLIED SCIENCES,Stockton,San Joaquin,3930427,Weber Institute
WESTON RANCH HIGH SCHOOL,Stockton,San Joaquin,0101576,Weston Ranch High
ARROYO GRANDE HIGH SCHOOL,Arroyo Grande,San Luis Obispo,4030557,Arroyo Grande High
ATASCADERO HIGH SCHOOL,Atascadero,San Luis Obispo,4030755,Atascadero High
CENTRAL COAST NEW TECH HIGH SC,Nipomo,San Luis Obispo,0125328,Central Coast New Tech High
MORRO BAY HIGH SCHOOL,Morro Bay,San Luis Obispo,4034807,Morro Bay High
NIPOMO HIGH SCHOOL,Nipomo,San Luis Obispo,4030268,Nipomo High
PASO ROBLES HIGH SCHOOL,Paso Robles,San Luis Obispo,4035754,Paso Robles High
SAN LUIS OBISPO HIGH SCHOOL,San Luis Obispo,San Luis Obispo,4036703,San Luis Obispo High
TEMPLETON HIGH SCHOOL,Templeton,San Luis Obispo,4037701,Templeton High
ARAGON HIGH SCHOOL,San Mateo,San Mateo,4130217,Aragon High
BURLINGAME HIGH SCHOOL,Burlingame,San Mateo,4130472,Burlingame High
CAPUCHINO HIGH SCHOOL,San Bruno,San Mateo,4130738,Capuchino High
CARLMONT HIGH SCHOOL,Belmont,San Mateo,4130993,Carlmont High
DESIGN TECH HIGH SCHOOL,Redwood City,San Mateo,0129759,Design Tech High
EAST PALO ALTO ACADEMY,East Palo Alto,San Mateo,0126722,East Palo Alto Academy
EL CAMINO HIGH,South San Francisco,San Mateo,4132551,El Camino High
EVEREST PUBLIC HIGH SCHOOL,Redwood City,San Mateo,0119503,Everest Public High
HALF MOON BAY HIGH SCHOOL,Half Moon Bay,San Mateo,4132817,Half Moon Bay High
HILLSDALE HIGH SCHOOL,San Mateo,San Mateo,4133070,Hillsdale High
JEFFERSON HIGH SCHOOL,Daly City,San Mateo,4133393,Jefferson High
KIPP ESPERANZA HIGH SCHOOL,East Palo Alto,San Mateo,0139915,KIPP Esperanza High
MENLO ATHERTON HIGH SCHOOL,Atherton,San Mateo,4133716,Menlo-Atherton High
MILLS HIGH SCHOOL,Millbrae,San Mateo,4134557,Mills High
OCEANA HIGH SCHOOL,Pacifica,San Mateo,4135075,Oceana High
OXFORD DAY ACADEMY,East Palo Alto,San Mateo,0135269,Oxford Day Academy
SAN MATEO HIGH SCHOOL,San Mateo,San Mateo,4136370,San Mateo High
SEQUOIA HIGH SCHOOL,Redwood City,San Mateo,4136693,Sequoia High
SOUTH SAN FRANCISCO HS,South San Francisco,San Mateo,4137279,South San Francisco High
SUMMIT PREPARATORY CHARTER HIG,Redwood City,San Mateo,0112722,Summit Preparatory Charter High
SUMMIT PUBLIC SCHOOLS SHASTA,Daly City,San Mateo,0127548,Summit Public School: Shasta
TERRA NOVA HIGH SCHOOL,Pacifica,San Mateo,4137535,Terra Nova High
TIDE ACADEMY,Menlo Park,San Mateo,0138420,Tide Academy
WESTMOOR HIGH SCHOOL,Daly City,San Mateo,4137790,Westmoor High
WOODSIDE HIGH SCHOOL,Woodside,San Mateo,4138053,Woodside High
CABRILLO HIGH SCHOOL,Lompoc,Santa Barbara,4230454,Cabrillo High
CARPINTERIA HIGH SCHOOL,Carpinteria,Santa Barbara,4230587,Carpinteria Senior High
DOS PUEBLOS HIGH SCHOOL,Goleta,Santa Barbara,4231726,Dos Pueblos Senior High
ERNEST RIGHETTI HIGH SCHOOL,Santa Maria,Santa Barbara,4234613,Ernest Righetti High
LOMPOC HIGH SCHOOL,Lompoc,Santa Barbara,4233060,Lompoc High
ORCUTT ACADEMY CHARTER HIGH SCHOOL,Orcutt,Santa Barbara,0116434,Orcutt Academy Charter
PIONEER VALLEY HIGH SCHOOL,Santa Maria,Santa Barbara,0102285,Pioneer Valley High
SAN MARCOS HIGH SCHOOL,Santa Barbara,Santa Barbara,4235230,San Marcos Senior High
SANTA BARBARA SENIOR HIGH SCHO,Santa Barbara,Santa Barbara,4235727,Santa Barbara Senior High
SANTA MARIA HIGH SCHOOL,Santa Maria,Santa Barbara,4236030,Santa Maria High
SANTA YNEZ VALLEY UNION HS,Santa Ynez,Santa Barbara,4236345,Santa Ynez Valley Union High
ABRAHAM LINCOLN HIGH SCHOOL,San Jose,Santa Clara,4333795,Abraham Lincoln High
ACE CHARTER HIGH SCHOOL,San Jose,Santa Clara,0125617,ACE Charter High
ADRIAN C WILCOX HIGH SCHOOL,Santa Clara,Santa Clara,4338802,Adrian Wilcox High
ALPHA CINDY AVITIA HIGH SCHOOL,San Jose,Santa Clara,0132274,Alpha Cindy Avitia High
ANDREW P HILL HIGH SCHOOL,San Jose,Santa Clara,4332995,Andrew P. Hill High
ANN SOBRATO HIGH SCHOOL,Morgan Hill,Santa Clara,0102368,Ann Sobrato High
BRANHAM HIGH SCHOOL,San Jose,Santa Clara,4330866,Branham High
CHRISTOPHER HIGH SCHOOL,Gilroy,Santa Clara,0118380,Christopher High
CUPERTINO HIGH SCHOOL,Cupertino,Santa Clara,4331799,Cupertino High
DEL MAR HIGH SCHOOL,San Jose,Santa Clara,4331955,Del Mar High
DOWNTOWN COLG PREP EL PRIMERO,San Jose,Santa Clara,4330585,Downtown College Preparatory
DR TJ OWENS GILROY EARLY COLG,Gilroy,Santa Clara,0114496,Dr. TJ Owens Gilroy Early College Academy
EVERGREEN VALLEY HIGH SCHOOL,San Jose,Santa Clara,4330692,Evergreen Valley High
FREMONT HIGH SCHOOL,Sunnyvale,Santa Clara,4332474,Fremont High
GILROY HIGH SCHOOL,Gilroy,Santa Clara,4332839,Gilroy High
HENRY M GUNN SENIOR HIGH SCHL,Palo Alto,Santa Clara,4332904,Henry M. Gunn High
HENRY T GUNDERSON HIGH SCHOOL,San Jose,Santa Clara,4330080,Gunderson High
HOMESTEAD HIGH SCHOOL,Cupertino,Santa Clara,4333316,Homestead High
INDEPENDENCE HIGH SCHOOL,San Jose,Santa Clara,4330031,Independence High
JAMES LICK HIGH SCHOOL,San Jose,Santa Clara,4333639,James Lick High
KIPP NAVIGATE COLLEGE PREP,San Jose,Santa Clara,0137315,KIPP Navigate College Prep
KIPP SAN JOSE COLLEGIATE,San Jose,Santa Clara,0116889,KIPP San Jose Collegiate
LATINO COLLEGE PREP ACADEMY,San Jose,Santa Clara,4330668,Latino College Preparatory Academy
LEIGH HIGH SCHOOL,San Jose,Santa Clara,4330239,Leigh High
LELAND HIGH SCHOOL,San Jose,Santa Clara,4333522,Leland High
LIVE OAK HIGH SCHOOL,Morgan Hill,Santa Clara,4333951,Live Oak High
LOS ALTOS HIGH SCHOOL,Los Altos,Santa Clara,4334116,Los Altos High
LOS GATOS HIGH SCHOOL,Los Gatos,Santa Clara,4334371,Los Gatos High
LUIS VALDEZ LEADERSHIP ACADEMY,San Jose,Santa Clara,0130856,Luis Valdez Leadership Academy
LYNBROOK HIGH SCHOOL,San Jose,Santa Clara,4334421,Lynbrook High
MILPITAS HIGH SCHOOL,Milpitas,Santa Clara,4334470,Milpitas High
MILPITAS MIDDLE COLLEGE HS,Milpitas,Santa Clara,0140673,Milpitas Middle College High
MISSION EARLY COLLEGE HIGH SCH,Santa Clara,Santa Clara,0135970,Mission Early College High
MONTA VISTA HIGH SCHOOL,Cupertino,Santa Clara,4334462,Monta Vista High
MOUNT PLEASANT HIGH SCHOOL,San Jose,Santa Clara,4334900,Mt. Pleasant High
MOUNTAIN VIEW HIGH SCHOOL,Mountain View,Santa Clara,4334728,Mountain View High
OAK GROVE HIGH SCHOOL,San Jose,Santa Clara,4335204,Oak Grove High
PALO ALTO SENIOR HIGH SCHOOL,Palo Alto,Santa Clara,4335782,Palo Alto High
PIEDMONT HILLS HIGH SCHOOL,San Jose,Santa Clara,4335907,Piedmont Hills High
PIONEER HIGH SCHOOL,San Jose,Santa Clara,4335949,Pioneer High
PROSPECT HIGH SCHOOL,Saratoga,Santa Clara,4336137,Prospect High
ROBERTO CRUZ LEADERSHIP ACDMY,San Jose,Santa Clara,0131995,B. Roberto Cruz Leadership Academy
SAN JOSE HIGH SCHOOL,San Jose,Santa Clara,4337200,San Jose High
SANTA CLARA HIGH SCHOOL,Santa Clara,Santa Clara,4330122,Santa Clara High
SANTA TERESA HIGH SCHOOL,San Jose,Santa Clara,4330023,Santa Teresa High
SARATOGA HIGH SCHOOL,Saratoga,Santa Clara,4337762,Saratoga High
SILVER CREEK HIGH SCHOOL,San Jose,Santa Clara,4337903,Silver Creek High
SUMMIT PUBLIC SCHOOL-TAHOMA,San Jose,Santa Clara,0123794,Summit Public School: Tahoma
UNIVERSITY PREP ACADEMY,San Jose,Santa Clara,0113431,University Preparatory Academy Charter
WESTMONT HIGH SCHOOL,Campbell,Santa Clara,4338505,Westmont High
WILLIAM C OVERFELT HIGH SCHOOL,San Jose,Santa Clara,4335428,William C. Overfelt High
WILLOW GLEN HIGH SCHOOL,San Jose,Santa Clara,4338950,Willow Glen High
YERBA BUENA HIGH SCHOOL,San Jose,Santa Clara,4330015,Yerba Buena High
APTOS HIGH SCHOOL,Aptos,Santa Cruz,4430518,Aptos High
CEIBA COLLEGE PREPARATORY ACAD,Watsonville,Santa Cruz,0117804,Ceiba College Preparatory Academy
HARBOR HIGH SCHOOL,Santa Cruz,Santa Cruz,4432340,Harbor High
PACIFIC COLLEGIATE SCHOOL,Santa Cruz,Santa Cruz,4430252,Pacific Collegiate Charter
PAJARO VALLEY HS,Watsonville,Santa Cruz,0105858,Pajaro Valley High
SAN LORENZO VALLEY HIGH SCHOOL,Felton,Santa Cruz,4436754,San Lorenzo Valley High
SANTA CRUZ HIGH SCHOOL,Santa Cruz,Santa Cruz,4437109,Santa Cruz High
SCOTTS VALLEY HIGH SCHOOL,Scotts Valley,Santa Cruz,4430211,Scotts Valley High
SOQUEL HIGH SCHOOL,Soquel,Santa Cruz,4437406,Soquel High
WATSONVILLE HIGH SCHOOL,Watsonville,Santa Cruz,4437901,Watsonville High
ENTERPRISE HIGH SCHOOL,Redding,Shasta,4532750,Enterprise High
FOOTHILL HIGH SCHOOL,Palo Cedro,Shasta,4530044,Foothill High
SHASTA CHARTER ACADEMY,Redding,Shasta,4537304,Shasta High
SHASTA HIGH SCHOOL,Redding,Shasta,4537304,Shasta High
UNIVERSITY PREPARATORY SCHOOL,Redding,Shasta,0106013,University Preparatory
MOUNT SHASTA HIGH SCHOOL,Mount Shasta,Siskiyou,4735403,Mount Shasta High
WEED HIGH SCHOOL,Weed,Siskiyou,4738753,Weed High
YREKA HIGH SCHOOL,Yreka,Siskiyou,4739207,Yreka High
ANGELO RODRIGUEZ HIGH SCHOOL,Fairfield,Solano,4830170,Angelo Rodriguez High
ARMIJO HIGH SCHOOL,Fairfield,Solano,4830451,Armijo High
BENICIA HIGH SCHOOL,Benicia,Solano,4831004,Benicia High
BUCKINGHAM COLLEGIATE CHARTER,Vacaville,Solano,4830113,Buckingham Collegiate Charter Academy
DIXON HIGH SCHOOL,Dixon,Solano,4832259,Dixon High
FAIRFIELD HIGH SCHOOL,Fairfield,Solano,4833000,Fairfield High
GRIFFIN ACADEMY HIGH SCHOOL,Vallejo,Solano,0139816,Griffin Academy High
JESSE M BETHEL HIGH SCHOOL,Vallejo,Solano,4830147,Jesse M. Bethel High
MARE ISLAND TECHNOLOGY ACADEMY,Vallejo,Solano,NA,NA
PUBLIC SAFETY ACADEMY,Fairfield,Solano,0125310,Public Safety Academy
RIO VISTA HIGH SCHOOL,Rio Vista,Solano,NA,NA
VACAVILLE HIGH SCHOOL,Vacaville,Solano,4837803,Vacaville High
VALLEJO HIGH SCHOOL,Vallejo,Solano,4838504,Vallejo High
VANDEN HIGH SCHOOL,Fairfield,Solano,4838801,Vanden High
WILL C WOOD HIGH SCHOOL,Vacaville,Solano,4830089,Will C. Wood High
ANALY HIGH SCHOOL,Sebastopol,Sonoma,4930400,Analy High
CASA GRANDE HIGH SCHOOL,Petaluma,Sonoma,4930012,Casa Grande High
CLOVERDALE HIGH SCHOOL,Cloverdale,Sonoma,4930855,Cloverdale High
CREDO HIGH SCHOOL ARTS/LETTERS/SCI,Rohnert Park,Sonoma,0123786,Credo High
ELSIE ALLEN HIGH SCHOOL,Santa Rosa,Sonoma,4930160,Elsie Allen High
HEALDSBURG HIGH SCHOOL,Healdsburg,Sonoma,4932554,Healdsburg High
MARIA CARRILLO HIGH SCHOOL,Santa Rosa,Sonoma,4930244,Maria Carrillo High
MONTGOMERY HIGH SCHOOL,Santa Rosa,Sonoma,4934154,Montgomery High
PETALUMA HIGH SCHOOL,Petaluma,Sonoma,4935151,Petaluma High
PINER HIGH SCHOOL,Santa Rosa,Sonoma,4935292,Piner High
RANCHO COTATE HIGH SCHOOL,Rohnert Park,Sonoma,4935482,Rancho Cotate High
ROSELAND COLLEGIATE PREP,Santa Rosa,Sonoma,0101923,Roseland Charter
ROSELAND UNIVERSITY PREP,Santa Rosa,Sonoma,0101923,Roseland Charter
SANTA ROSA HIGH SCHOOL,Santa Rosa,Sonoma,4936803,Santa Rosa High
SONOMA VALLEY HIGH SCHOOL,Sonoma,Sonoma,4937256,Sonoma Valley High
TECHNOLOGY HIGH SCHOOL,Rohnert Park,Sonoma,4930384,Technology High
WINDSOR HIGH SCHOOL,Windsor,Sonoma,4930228,Windsor High
ASPIRE VANGUARD COL PREP ACAD,Modesto,Stanislaus,0120212,Aspire Vanguard College Preparatory Academy
CENTRAL VALLEY HIGH SCHOOL,Ceres,Stanislaus,0108076,Central Valley High
CERES HIGH SCHOOL,Ceres,Stanislaus,5030879,Ceres High
CONNECTING WATERS - EAST BAY,Waterford,Stanislaus,5030317,Connecting Waters Charter
CONNECTING WATERS CHARTER SCH,Waterford,Stanislaus,5030317,Connecting Waters Charter
DENAIR HIGH SCHOOL,Denair,Stanislaus,5031521,Denair High
FRED C BEYER HIGH SCHOOL,Modesto,Stanislaus,5030010,Fred C. Beyer High
GRACE M DAVIS HIGH SCHOOL,Modesto,Stanislaus,5031380,Grace M. Davis High
HUGHSON HIGH SCHOOL,Hughson,Stanislaus,5032651,Hughson High
JAMES C ENOCHS HIGH SCHOOL,Modesto,Stanislaus,0110593,James C. Enochs High
JOHANSEN HIGH SCHOOL,Modesto,Stanislaus,5030135,Peter Johansen High
JOHN H PITMAN HIGH SCHOOL,Turlock,Stanislaus,5030283,John H. Pitman High
JOSEPH A GREGORI HIGH SCHOOL,Modesto,Stanislaus,0121129,Joseph A. Gregori High
MODESTO HIGH SCHOOL,Modesto,Stanislaus,5034905,Modesto High
OAKDALE HIGH SCHOOL,Oakdale,Stanislaus,5035654,Oakdale High
ORESTIMBA HIGH SCHOOL,Newman,Stanislaus,5035902,Orestimba High
PATTERSON HIGH SCHOOL,Patterson,Stanislaus,5036256,Patterson High
RIVERBANK HIGH SCHOOL,Riverbank,Stanislaus,5036850,Riverbank High
THOMAS DOWNEY HIGH SCHOOL,Modesto,Stanislaus,5031802,Thomas Downey High
TURLOCK HIGH SCHOOL,Turlock,Stanislaus,5037700,Turlock High
WATERFORD HIGH SCHOOL,Waterford,Stanislaus,5030259,Waterford High
LIVE OAK HIGH SCHOOL,Live Oak,Sutter,5135256,Live Oak High
RIVER VALLEY HIGH SCHOOL,Yuba City,Sutter,0107722,River Valley High
SOUTH SUTTER CHARTER SCHOOL,Nicolaus,Sutter,0109793,South Sutter Charter
SUTTER UNION HIGH SCHOOL,Sutter,Sutter,5137500,Sutter High
YUBA CITY HIGH SCHOOL,Yuba City,Sutter,5139001,Yuba City High
RED BLUFF HIGH SCHOOL,Red Bluff,Tehama,5237201,Red Bluff High
HAYFORK HIGH SCHOOL,Hayfork,Trinity,5337407,Hayfork High
DINUBA HIGH SCHOOL,Dinuba,Tulare,5431184,Dinuba High
EL DIAMANTE HIGH SCHOOL,Visalia,Tulare,5430368,El Diamante High
EXETER UNION HIGH SCHOOL,Exeter,Tulare,5431598,Exeter Union High
FARMERSVILLE HIGH SCHOOL,Farmersville,Tulare,5430210,Farmersville High
GOLDEN WEST HIGH SCHOOL,Visalia,Tulare,5430046,Golden West High
GRANITE HILLS HIGH SCHOOL,Porterville,Tulare,5430251,Granite Hills High
HARMONY MAGNET ACADEMY,Strathmore,Tulare,0116590,Harmony Magnet Academy
LINDSAY HIGH SCHOOL,Lindsay,Tulare,5432414,Lindsay Senior High
MISSION OAK HIGH SCHOOL,Tulare,Tulare,0116368,Mission Oak High
MONACHE HIGH SCHOOL,Porterville,Tulare,5432786,Monache High
MOUNT WHITNEY HIGH SCHOOL,Visalia,Tulare,5432828,Mt. Whitney High
OROSI HIGH SCHOOL,Orosi,Tulare,5433230,Orosi High
PORTERVILLE HIGH SCHOOL,Porterville,Tulare,5434113,Porterville High
REDWOOD HIGH SCHOOL,Visalia,Tulare,5434527,Redwood High
SUMMIT COLLEGIATE HIGH SCHOOL,Porterville,Tulare,0109009,Summit Charter Academy
TULARE UNION HIGH SCHOOL,Tulare,Tulare,5435409,Tulare Union High
TULARE WESTERN HIGH SCHOOL,Tulare,Tulare,5435466,Tulare Western High
UNIVERSITY PREPARTORY HIGH SCH,Visalia,Tulare,0119602,University Preparatory High
WOODLAKE HIGH SCHOOL,Woodlake,Tulare,5436282,Woodlake High
SONORA HIGH SCHOOL,Sonora,Tuolumne,5536503,Sonora High
SUMMERVILLE UNION HIGH SCHOOL,Tuolumne,Tuolumne,5536750,Summerville High
ADOLFO CAMARILLO HIGH SCHOOL,Camarillo,Ventura,5631619,Adolfo Camarillo High
BUENA HIGH SCHOOL,Ventura,Ventura,5630793,Buena High
CALIFORNIA VIRTUAL ACADEMY LA,Simi Valley,Ventura,NA,NA
CALIFORNIA VIRTUAL-SAN JOAQUIN,Simi Valley,Ventura,NA,NA
CHANNEL ISLANDS HIGH SCHOOL,Oxnard,Ventura,5631742,Channel Islands High
EL CAMINO HIGH SCHOOL,Ventura,Ventura,5630298,El Camino High
FILLMORE HIGH SCHOOL,Fillmore,Ventura,5632021,Fillmore Senior High
FOOTHILL TECHNOLOGY HS,Ventura,Ventura,5630348,Foothill Technology High
HIGH SCHOOL AT MOORPARK COLL,Moorpark,Ventura,5630371,The High School at Moorpark College
HUENEME HIGH SCHOOL,Oxnard,Ventura,5632849,Hueneme High
MOORPARK HIGH SCHOOL,Moorpark,Ventura,5633250,Moorpark High
NEWBURY PARK HIGH SCHOOL,Newbury Park,Ventura,5633748,Newbury Park High
NORDHOFF HIGH SCHOOL,Ojai,Ventura,5634076,Nordhoff High
OAK PARK HIGH SCHOOL,Oak Park,Ventura,5630132,Oak Park High
OAK PARK INDEPENDENT SCH,Oak Park,Ventura,5630256,Oak Park Independent
OXNARD HIGH SCHOOL,Oxnard,Ventura,5634548,Oxnard High
OXNARD MIDDLE COLLEGE HIGH SCH,Oxnard,Ventura,0136804,Oxnard Middle College High
PACIFICA HIGH SCHOOL,Oxnard,Ventura,5630389,Pacifica High
RANCHO CAMPANA HIGH SCHOOL,Camarillo,Ventura,0131698,Rancho Campana High
RIO MESA HIGH SCHOOL,Oxnard,Ventura,5634761,Rio Mesa High
ROYAL HIGH SCHOOL,Simi Valley,Ventura,5635008,Royal High
SANTA PAULA HIGH SCHOOL,Santa Paula,Ventura,5635776,Santa Paula High
SANTA SUSANA HIGH SCHOOL,Simi Valley,Ventura,5630322,Santa Susana High
SIMI VALLEY HIGH SCHOOL,Simi Valley,Ventura,5636188,Simi Valley High
THOUSAND OAKS HIGH SCHOOL,Thousand Oaks,Ventura,5637004,Thousand Oaks High
VENTURA HIGH SCHOOL,Ventura,Ventura,5637822,Ventura High
WESTLAKE HIGH SCHOOL,Westlake Village,Ventura,5630116,Westlake High
DA VINCI CHARTER ACADEMY,Davis,Yolo,0119578,Da Vinci Charter Academy
DAVIS SCHOOL INDEPENDENT STUDY,Davis,Yolo,5730098,Davis School for Independent Study
DAVIS SENIOR HIGH SCHOOL,Davis,Yolo,5732201,Davis Senior High
ESPARTO HIGH SCHOOL,Esparto,Yolo,5732904,Esparto High
PIONEER HIGH SCHOOL,Woodland,Yolo,0101162,Pioneer High
RIVER CITY HIGH SCHOOL,West Sacramento,Yolo,5735154,River City High
WASHINGTON MIDDLE COLLEGE HS,West Sacramento,Yolo,0135939,Washington Middle College High
WINTERS HIGH SCHOOL,Winters,Yolo,5738505,Winters High
WOODLAND HIGH SCHOOL,Woodland,Yolo,5738802,Woodland Senior High
LINDHURST HIGH SCHOOL,Olivehurst,Yuba,5830013,Lindhurst High
MARYSVILLE CHARTER ACAD ARTS,Marysville,Yuba,5830138,Marysville Charter Academy for the Arts
MARYSVILLE HIGH SCHOOL,Marysville,Yuba,5835202,Marysville High
WHEATLAND HIGH SCHOOL,Wheatland,Yuba,5838305,Wheatland Union High